tRNA	tRNAPhyloPAvg	5PhyloPAvg	CpGDensity	ObsExpUp	GenBit	tRNA10kb	Prot75kb	TTTT	Codon	MFE	activity
tRNA-Gly-CCC-1-2	0.04350704225352109	-2.2655499999999997	0.0311284046692607	0.8137432188065099	78.3	0	21	8	5	-26.4	0
tRNA-Glu-TTC-3-1	0.07479166666666666	-2.3247500000000003	0.07383419689119171	0.682649329540837	71.6	0	29	3	7	-28.9	1
tRNA-Asn-GTT-4-1	0.12685135135135137	-0.9054	0.05297157622739018	0.7534359993376387	77.7	0	39	11	24	-26.4	1
tRNA-Lys-CTT-7-1	?	?	0.00646830530401035	0.0	64.8	0	21	351	15	-16.2	0
tRNA-Cys-GCA-7-1	0.9985342465753425	-3.0340499999999997	0.0129366106080207	0.3884033846580663	77.8	0	30	9	29	-26.6	0
tRNA-Arg-TCT-1-1	1.639104651162791	0.3703000000000001	0.09426751592356689	0.9523809523809523	71.1	0	22	6	6	-30.7	1
tRNA-Val-CAC-5-1	0.25057534246575336	-3.1793500000000003	0.04398447606727038	0.7305194805194806	79.4	0	28	4	13	-24.7	1
tRNA-Gln-CTG-4-2	-0.02678787878787885	-0.6942499999999999	0.04145077720207254	0.3684210526315789	71.9	0	13	29	13	-24.7	0
tRNA-Asn-GTT-6-1	0.14420270270270263	-1.1054499999999998	0.04780361757105943	0.7216494845360825	73.8	0	15	11	24	-23.8	1
tRNA-Val-CAC-4-1	0.25057534246575336	-3.1621000000000006	0.04139715394566624	0.719294003868472	72.2	0	30	4	13	-22.5	1
tRNA-Asn-GTT-3-1	0.09190540540540539	-1.4593	0.059431524547803614	0.8556149732620321	79.7	0	36	11	24	-26.2	1
tRNA-Asn-GTT-10-1	0.08254054054054047	-1.1469999999999998	0.021963824289405683	0.2635542168674699	62.7	0	28	9	24	-18.7	1
tRNA-Glu-CTC-1-1	1.3700833333333335	-3.882	0.04533678756476684	0.6780317706315382	73.2	3	88	14	8	-26.4	1
tRNA-Gly-TCC-2-1	1.356791666666667	-3.5201000000000002	0.023316062176165803	0.4026459591601956	73.8	3	89	7	9	-25.1	1
tRNA-His-GTG-1-1	1.3459583333333325	-1.0970499999999999	0.06217616580310881	0.7924827351975546	60.1	3	89	27	9	-25.5	1
tRNA-Lys-CTT-2-1	1.189616438356165	-3.951949999999999	0.045278137128072445	0.647634152788792	87.8	3	90	5	15	-28.0	1
tRNA-His-GTG-1-2	0.19737500000000002	-0.7048	0.038860103626943004	0.5264375795441397	60.1	0	17	31	9	-25.5	1
tRNA-Gln-CTG-4-1	-0.11302985074626874	-1.389421052631579	0.038860103626943004	0.24104683195592286	71.9	0	20	29	13	-24.7	1
tRNA-Gln-CTG-7-1	-0.11372727272727279	-1.3697000000000001	0.03756476683937824	0.20184544405997693	58.5	0	21	29	13	-19.5	0
tRNA-Asn-GTT-2-1	0.11120270270270269	-1.4593	0.059431524547803614	0.7825148407987048	80.9	0	74	11	24	-26.4	1
tRNA-Asn-GTT-8-1	0.10729729729729728	-1.08895	0.041343669250646	0.9283819628647215	69.8	0	31	9	24	-22.6	1
tRNA-iMet-CAT-1-1	1.677375	-3.8915000000000006	0.04404145077720207	0.9510869565217391	60.4	0	81	6	20	-26.1	1
tRNA-Arg-TCT-4-1	1.6292972972972986	1.5576	0.01937984496124031	0.2606105733432614	78.5	0	24	19	6	-27.7	1
tRNA-Val-CAC-1-1	1.1472465753424659	-2.32005	0.07632600258732213	0.702576112412178	79.4	0	14	12	13	-24.7	1
tRNA-Glu-TTC-4-2	-0.21520833333333333	-2.8034000000000003	0.04404145077720207	0.6369731800766284	68.7	1	14	6	7	-26.4	1
tRNA-Asn-GTT-2-2	0.20995945945945943	-3.2542500000000003	0.023255813953488372	0.3967504250897412	80.9	1	14	7	24	-26.4	1
tRNA-Gly-TCC-4-1	0.29605555555555574	-0.3077500000000001	0.10492227979274611	0.9675704412546517	56.0	7	17	11	9	-15.8	1
tRNA-Leu-CAG-1-1	0.331433734939759	-0.01990000000000002	0.12132822477650064	1.0695468914646997	78.2	8	14	8	9	-35.7	0
tRNA-Gly-GCC-4-1	0.09321126760563384	-0.45665000000000006	0.03372243839169909	0.43482415902140675	69.4	1	25	13	14	-19.5	0
tRNA-Gly-GCC-2-1	1.2462816901408444	-2.7149500000000004	0.041504539559014265	0.6598793363499246	81.0	2	27	6	14	-26.4	1
tRNA-Leu-CAG-1-6	1.0582168674698802	-3.6174999999999997	0.035759897828863345	0.8237716975581053	78.2	3	28	7	9	-35.7	1
tRNA-Gly-TCC-2-6	0.9995972222222225	-3.2084999999999995	0.06088082901554404	0.9697357203751066	73.8	3	29	4	9	-25.1	1
tRNA-Asn-GTT-1-1	1.2704594594594594	-4.27025	0.050387596899224806	0.6862745098039216	81.5	2	29	9	24	-26.4	1
tRNA-Leu-CAA-6-1	1.1199523809523817	-3.887105263157895	0.03826530612244898	0.8801775147928994	57.5	0	32	7	7	-28.2	1
tRNA-Pro-CGG-1-1	1.2210694444444452	-0.9502999999999997	0.07253886010362694	0.8501040943789036	70.2	1	14	4	4	-29.5	1
tRNA-Pro-AGG-2-1	1.5214027777777785	-4.0093499999999995	0.03238341968911917	0.703125	70.2	1	14	2	9	-29.5	1
tRNA-Lys-TTT-3-1	0.4488356164383563	-3.1059499999999995	0.037516170763260026	0.8137432188065099	87.8	1	53	7	12	-27.5	1
tRNA-Lys-TTT-3-2	1.3952191780821932	-3.4087000000000005	0.02457956015523933	0.7643438554695255	87.8	1	52	10	12	-27.5	1
tRNA-Thr-TGT-2-1	0.48858904109589035	-3.0484	0.02199223803363519	0.3559623696923468	84.1	0	29	13	6	-29.1	1
tRNA-Leu-CAA-4-1	0.9040952380952386	-1.6198500000000002	0.06699751861042183	0.8856275303643725	73.6	1	44	6	7	-43.4	1
tRNA-Glu-CTC-2-1	0.9952222222222227	-4.0405500000000005	0.038860103626943004	0.7297096053611318	68.7	1	44	8	8	-21.9	1
tRNA-Val-TAC-3-1	-0.09998630136986308	-1.0858499999999998	0.019404915912031046	0.33442533442533445	80.7	0	40	15	5	-23.7	0
tRNA-Asn-GTT-2-3	1.4827027027027027	-3.18145	0.07235142118863049	0.5639097744360902	80.9	0	4	8	24	-26.4	1
tRNA-Ser-TGA-1-1	1.5140574712643693	-2.4768499999999998	0.06010230179028133	1.0717566602021027	94.0	0	11	16	4	-34.9	1
tRNA-Leu-CAA-5-1	-0.051027027027027	-0.37039999999999995	0.016795865633074936	0.13597513597513597	66.5	0	12	49	7	-24.0	0
tRNA-Val-TAC-1-1	1.1199726027397259	-3.489099999999999	0.055627425614489	0.898972602739726	82.9	6	35	17	5	-23.6	1
tRNA-Val-TAC-2-1	1.157013698630137	-3.4923499999999996	0.04398447606727038	0.7990867579908676	80.5	6	35	16	5	-23.6	1
tRNA-Arg-TCT-3-2	1.218904109589041	-2.5225500000000003	0.04071246819338423	0.8966244725738397	70.3	6	35	1	6	-27.9	1
tRNA-Leu-TAA-3-1	0.12100000000000001	-3.48825	0.03065134099616858	0.8820564516129032	85.0	6	35	11	4	-28.2	1
tRNA-Lys-TTT-5-1	0.9823424657534249	-3.76695	0.03492884864165589	0.7376185458377239	84.9	7	34	7	12	-26.8	1
tRNA-Phe-GAA-1-3	1.2494931506849312	-2.94685	0.047865459249676584	0.8268367587999055	88.9	7	34	4	10	-21.9	1
tRNA-Lys-TTT-3-4	1.2775753424657534	-3.7586999999999997	0.040103492884864166	0.8812615955473099	87.8	7	34	5	12	-27.5	1
tRNA-Phe-GAA-2-1	0.333041095890411	-3.8881	0.03234152652005175	0.5608974358974359	87.9	3	39	9	10	-21.9	1
tRNA-Ser-GCT-3-1	1.6516235294117652	-2.04635	0.07800511508951406	1.1619693437875256	89.1	0	70	6	8	-30.7	1
tRNA-Pro-AGG-2-4	1.4434166666666666	-4.7897	0.07512953367875648	0.8319672131147541	70.2	1	18	3	9	-29.5	1
tRNA-Pro-TGG-2-1	1.6294166666666674	-4.07095	0.06994818652849741	0.7	70.5	1	18	3	7	-28.9	1
tRNA-Lys-TTT-2-1	-0.08535616438356171	-0.39965	0.016817593790426907	0.4375	87.7	0	1	10	12	-26.0	1
tRNA-Lys-TTT-11-1	-0.0708767123287671	-0.14540000000000003	0.00646830530401035	0.2517532817838518	50.7	0	46	271	12	-16.3	0
tRNA-Ser-CGA-4-1	1.6165764705882353	-0.7500999999999999	0.05754475703324808	0.7093135959115341	89.6	0	151	2	4	-29.8	1
tRNA-Asp-GTC-2-8	1.6584861111111107	-2.7683000000000004	0.03756476683937824	0.8458646616541353	66.5	0	57	12	13	-26.4	1
tRNA-Asp-GTC-1-1	1.1378611111111114	-3.8015	0.04792746113989637	0.7889546351084813	65.4	1	18	14	13	-26.4	1
tRNA-Trp-CCA-4-1	1.620011904761905	0.4871	0.042746113989637305	0.7478632478632479	74.3	1	18	3	7	-25.1	1
tRNA-Ala-TGC-3-2	1.3765972222222227	-2.7547500000000005	0.018134715025906734	0.4227053140096618	79.7	2	45	6	8	-26.5	1
tRNA-Asp-GTC-2-9	1.570013888888889	-4.4129000000000005	0.04404145077720207	0.7035818713450293	66.5	2	45	10	13	-26.4	1
tRNA-Phe-GAA-1-4	1.361301369863012	-2.88915	0.04139715394566624	0.6201275690999292	88.9	2	45	7	10	-21.9	1
tRNA-Asp-GTC-2-10	0.7748888888888888	-2.61395	0.04792746113989637	0.5998588567395907	66.5	1	45	16	13	-26.4	1
tRNA-Ala-TGC-4-1	0.7898888888888881	-3.264099999999999	0.04792746113989637	0.7476350320415014	78.8	1	45	3	8	-25.8	1
tRNA-Asn-GTT-2-4	1.3041081081081076	-1.8338999999999999	0.07881136950904392	0.9666803784450844	80.9	0	16	11	24	-26.4	1
tRNA-Glu-TTC-1-2	1.5242361111111118	-1.6898500000000003	0.08031088082901554	0.9664179104477612	72.5	0	21	10	7	-25.0	1
tRNA-Glu-TTC-2-1	1.6371624999999999	-4.598049999999999	0.05310880829015544	0.8589511754068716	71.2	0	19	8	7	-26.7	1
tRNA-Phe-GAA-1-5	1.11254794520548	-2.53735	0.08279430789133248	0.8203125	88.9	0	27	5	10	-21.9	1
tRNA-Pro-AGG-2-5	0.9891527777777779	-3.2921	0.027202072538860103	0.7539353769676885	70.2	3	19	6	9	-29.5	1
tRNA-Leu-AAG-2-3	1.2830365853658536	-3.7616500000000004	0.05115089514066496	0.8101851851851852	74.8	3	19	10	9	-32.4	1
tRNA-Pro-AGG-2-6	1.2128611111111107	-4.1335999999999995	0.03756476683937824	0.7867132867132867	70.2	3	19	6	9	-29.5	1
tRNA-Thr-TGT-3-1	1.3525479452054805	-3.5639499999999997	0.042690815006468305	0.6120826709062003	80.0	3	20	5	6	-29.4	1
tRNA-Leu-TAG-2-1	0.9780365853658547	-3.7676500000000006	0.03324808184143223	0.6784260515603799	74.1	2	22	8	3	-30.9	1
tRNA-Thr-TGT-4-1	0.29254794520547944	-3.732	0.02457956015523933	0.5291005291005291	78.8	2	22	15	6	-29.7	1
tRNA-Pro-TGG-1-1	0.36730555555555555	-3.2224000000000004	0.05310880829015544	1.0310796877301518	74.9	2	21	233	7	-29.5	1
tRNA-Tyr-GTA-5-3	0.13689041095890409	-1.39195	0.03526448362720403	0.693069306930693	75.3	3	18	12	13	-29.1	1
tRNA-Tyr-GTA-4-1	-0.20123287671232878	-1.2358999999999996	0.031486146095717885	0.354251012145749	75.3	3	18	12	13	-33.8	1
tRNA-Tyr-GTA-7-1	0.29302739726027405	-0.6744	0.037783375314861464	0.5408015451472719	74.3	3	18	12	13	-33.2	1
tRNA-Tyr-GTA-5-4	0.08769863013698627	-0.8103	0.03526448362720403	0.5401234567901234	75.3	3	18	12	13	-33.1	1
tRNA-Thr-TGT-5-1	1.4848356164383574	-4.539050000000001	0.03234152652005175	0.42424242424242425	78.0	2	16	27	6	-30.4	1
tRNA-Tyr-GTA-5-5	1.0393287671232876	-4.03255	0.060836501901140684	0.7000700070007001	75.5	2	15	10	13	-29.4	1
tRNA-Pro-TGG-3-2	1.552055555555555	-3.6153	0.04015544041450777	0.33933518005540164	70.3	2	15	12	7	-29.5	1
tRNA-Arg-ACG-1-3	1.6219999999999999	-3.0639499999999997	0.04398447606727038	0.7769145394006659	67.6	0	92	32	7	-25.4	1
tRNA-Lys-CTT-1-1	1.3352739726027412	-3.7204499999999996	0.027166882276843468	1.0144927536231885	88.0	0	36	11	15	-30.1	1
tRNA-Cys-GCA-8-1	1.0270555555555556	-3.0567	0.01683937823834197	0.2978723404255319	77.3	0	39	9	29	-26.1	0
tRNA-Ala-AGC-15-1	0.079972602739726	-0.5296500000000001	0.019404915912031046	0.46880979716800614	56.7	0	2	59	26	-27.7	1
tRNA-Ile-AAT-5-4	1.0577702702702703	-2.6168499999999995	0.06589147286821706	0.8101851851851852	81.2	0	34	7	15	-25.5	1
tRNA-Glu-TTC-2-2	1.4121666666666663	-3.7043500000000003	0.04792746113989637	0.6858652125756156	71.2	0	17	14	7	-26.7	1
tRNA-Ser-GCT-4-2	1.5368571428571436	-1.1761000000000001	0.0370843989769821	0.9105846912227852	88.4	0	37	14	8	-30.7	1
tRNA-His-GTG-1-7	1.5606666666666673	0.49759999999999993	0.04792746113989637	0.6708836496070538	60.1	2	75	34	9	-25.5	1
tRNA-His-GTG-1-8	1.6055357142857147	-2.7803	0.04404145077720207	0.5617283950617284	60.1	2	76	33	9	-25.5	1
tRNA-His-GTG-1-9	1.5466527777777774	0.10289999999999995	0.04404145077720207	0.7133152173913043	60.1	2	76	30	9	-25.5	1
tRNA-Gln-CTG-1-4	1.5927916666666668	-2.47825	0.042746113989637305	0.7113821138211383	71.5	0	28	7	13	-24.7	1
tRNA-Lys-CTT-1-2	0.46289041095890404	-2.5691999999999995	0.03234152652005175	0.7486631016042781	88.0	0	32	6	15	-30.1	1
tRNA-Cys-GCA-5-1	0.9817808219178085	-3.0567	0.0129366106080207	0.362962962962963	78.7	0	0	9	29	-26.6	0
tRNA-Arg-TCG-1-1	1.6157260273972616	-2.8031500000000005	0.08408796895213454	0.9130434782608695	74.8	0	78	19	6	-29.2	1
tRNA-Gly-CCC-2-2	1.3414366197183094	-4.38745	0.08949416342412451	0.8723345333702576	75.1	0	156	5	5	-31.4	1
tRNA-Arg-CCG-1-3	1.391821917808219	-5.10325	0.07632600258732213	0.7315315315315315	67.0	3	54	14	4	-27.1	1
tRNA-Arg-CCT-3-1	0.9573561643835621	-2.7202000000000006	0.042690815006468305	0.7769556025369979	71.7	3	54	13	5	-30.6	1
tRNA-Lys-CTT-3-1	0.5329589041095892	-3.6730000000000005	0.062095730918499355	0.8469626168224299	83.1	4	53	5	15	-28.0	1
tRNA-Pro-TGG-3-3	0.8872361111111113	-5.01495	0.08549222797927461	0.7380952380952381	70.3	4	55	2	7	-29.5	1
tRNA-Lys-CTT-8-1	0.28909589041095884	-2.3621499999999997	0.02457956015523933	0.3798155181768855	57.8	3	58	4	15	-15.9	0
tRNA-Pro-CGG-1-2	0.2021805555555555	-0.8027500000000002	0.05569948186528497	0.5608974358974359	70.2	3	58	13	4	-29.5	1
tRNA-Lys-CTT-2-5	0.12499999999999994	-0.6889500000000001	0.04398447606727038	0.6320949432404541	87.8	4	59	5	15	-28.0	1
tRNA-Lys-CTT-5-1	0.15265753424657533	-1.50125	0.03234152652005175	0.6481481481481481	69.3	6	60	4	15	-23.6	1
tRNA-Pro-AGG-2-7	0.5199861111111113	-4.1438999999999995	0.05958549222797927	0.735603194619588	70.2	7	61	2	9	-29.5	1
tRNA-Pro-TGG-3-4	0.2522083333333333	-2.199631578947369	0.05829015544041451	0.7530120481927711	70.3	8	61	2	7	-29.5	1
tRNA-Pro-TGG-3-5	0.17583333333333329	-1.9747499999999993	0.05310880829015544	0.7809013833110219	70.3	7	58	2	7	-29.5	1
tRNA-Pro-AGG-2-8	0.570722222222222	-4.625400000000001	0.05569948186528497	0.6886374815543532	70.2	7	58	3	9	-29.5	1
tRNA-Lys-CTT-4-1	0.16916438356164376	-1.3659500000000002	0.045278137128072445	0.65625	82.3	6	54	5	15	-27.1	1
tRNA-Pro-AGG-1-1	-0.19220833333333331	-0.8951	0.05181347150259067	0.4943502824858757	71.5	6	53	9	9	-29.5	1
tRNA-Arg-CCT-5-1	0.8237534246575342	-1.9999000000000002	0.02457956015523933	0.6367771280051981	54.7	5	54	43	5	-29.0	0
tRNA-Thr-CGT-2-1	1.584847222222222	-0.0457	0.09326424870466321	1.0256410256410255	79.6	0	22	31	5	-27.0	1
tRNA-Leu-TAG-3-1	1.5206785714285713	-3.5437999999999996	0.03580562659846547	0.9178321678321678	73.9	0	55	18	3	-30.8	1
tRNA-Leu-AAG-2-4	1.5389285714285712	-4.360049999999999	0.07289002557544758	0.7182835820895522	74.8	0	47	11	9	-32.4	1
tRNA-Leu-CAG-2-1	1.1382771084337342	-2.4284	0.05108556832694764	0.7457386363636364	77.3	1	21	7	9	-32.8	1
tRNA-Leu-CAG-2-2	1.4740602409638544	-4.3721499999999995	0.04597701149425287	0.6954184198223469	77.3	1	21	12	9	-32.8	1
tRNA-Gly-GCC-3-1	0.48671830985915476	-0.2961	0.014267185473411154	0.2182952182952183	75.0	1	39	11	14	-26.4	0
tRNA-Gly-GCC-2-4	0.9039999999999999	-0.43769999999999987	0.011673151750972763	0.0	81.0	2	39	12	14	-26.4	0
tRNA-Gly-GCC-5-1	1.393253521126761	-0.8242499999999999	0.014267185473411154	0.1715686274509804	54.7	2	44	12	14	-16.1	0
tRNA-Gly-GCC-2-5	1.325098591549295	0.1882	0.019455252918287938	0.14747191011235955	81.0	1	44	136	14	-26.4	0
tRNA-Met-CAT-2-1	0.6889178082191779	-1.79195	0.050452781371280724	0.6605691056910569	82.7	0	44	4	20	-26.7	1
tRNA-Lys-TTT-1-1	0.1402328767123287	-0.7525999999999999	0.019404915912031046	0.16583747927031509	89.0	0	3	11	12	-26.0	0
tRNA-Met-CAT-6-1	0.2335342465753423	-0.5458500000000002	0.12160413971539456	1.0227189714369203	77.4	0	34	8	20	-25.0	1
tRNA-Lys-TTT-3-5	1.6690547945205476	-5.058750000000001	0.04398447606727038	0.6872852233676976	87.8	4	98	12	12	-27.5	1
tRNA-Gln-CTG-1-5	1.4136111111111112	-4.41855	0.02072538860103627	0.8641975308641975	71.5	4	98	6	13	-24.7	1
tRNA-Leu-TAG-1-1	1.6072380952380958	-2.7682500000000005	0.03580562659846547	0.6708652792990142	75.2	4	97	8	3	-33.3	1
tRNA-Arg-TCT-2-1	1.5622876712328768	-0.27829999999999994	0.046954314720812185	0.7596899224806202	70.8	4	95	1	6	-28.1	1
tRNA-Gly-GCC-2-6	1.0275633802816901	-3.3384	0.05966277561608301	0.6749698674166332	81.0	4	89	9	14	-26.4	1
tRNA-Ser-CGA-1-1	1.531588235294118	-0.8903000000000001	0.06010230179028133	0.8439429012345679	95.1	1	101	7	4	-34.0	1
tRNA-Thr-AGT-5-1	1.3298243243243242	-3.8428499999999994	0.025839793281653745	0.24884464984002844	80.1	1	101	141	9	-27.3	1
tRNA-Trp-CCA-3-3	1.5881666666666663	-1.7849999999999997	0.07124352331606218	0.6143162393162394	73.3	3	109	7	7	-25.1	1
tRNA-Ser-GCT-4-3	1.580666666666667	-2.2227999999999994	0.056265984654731455	0.7759784075573549	88.4	3	108	22	8	-30.7	1
tRNA-Thr-AGT-1-1	0.716	-4.03675	0.041343669250646	0.6708407871198568	82.6	3	108	17	9	-27.3	1
tRNA-Ile-AAT-5-5	1.659972972972973	-5.554800000000001	0.03875968992248062	0.6538722826086957	81.2	3	107	10	15	-25.5	1
tRNA-Trp-CCA-1-1	1.1355694444444449	-3.6836000000000007	0.03238341968911917	0.6588235294117647	73.4	6	117	12	7	-24.5	1
tRNA-Gly-TCC-3-1	1.1233611111111113	-2.1925	0.06606217616580311	0.7777777777777778	73.8	6	115	5	9	-25.1	1
tRNA-Asp-GTC-2-11	1.4591944444444431	-4.68005	0.03756476683937824	0.5034763845600575	66.5	6	113	11	13	-26.4	1
tRNA-Pro-CGG-1-3	1.4651666666666658	-2.8531500000000003	0.06347150259067358	0.8297771455666193	70.2	6	110	9	4	-29.5	1
tRNA-Thr-AGT-1-2	1.361851351351352	-3.253750000000001	0.03359173126614987	0.6936936936936937	82.6	6	101	22	9	-27.3	1
tRNA-Ser-AGA-2-6	1.417914634146343	-4.848149999999999	0.04731457800511509	0.7653061224489796	89.6	6	101	5	9	-32.8	1
tRNA-Ile-AAT-4-1	1.3057567567567572	-4.140700000000001	0.037467700258397935	0.34539473684210525	81.2	6	101	9	15	-25.5	1
tRNA-Trp-CCA-2-1	1.3305555555555544	-2.3487	0.07512953367875648	0.8105604446503011	75.1	0	26	8	7	-25.1	1
tRNA-Gly-CCC-3-1	-0.05192957746478874	0.057200000000000015	0.02204928664072633	0.5268703898840885	68.3	0	31	238	5	-19.7	0
tRNA-Thr-CGT-4-1	1.306097222222222	0.0474500000000001	0.11658031088082901	0.8421361502347418	78.3	0	27	38	5	-27.3	1
tRNA-Asn-GTT-2-5	1.6162236842105264	-1.8944999999999996	0.05555555555555555	0.9926262053318208	80.9	0	87	8	24	-26.4	1
tRNA-Cys-GCA-14-1	0.9506805555555555	-1.3307499999999997	0.018134715025906734	0.33062535424145095	71.6	2	41	11	29	-26.1	0
tRNA-Cys-GCA-2-2	1.393152777777777	-3.3373499999999994	0.04015544041450777	0.6875327396542692	81.9	2	41	14	29	-26.1	1
tRNA-Cys-GCA-4-1	1.5890000000000004	-1.6588999999999998	0.04922279792746114	0.6771611995426964	81.8	2	43	11	29	-23.9	1
tRNA-Cys-GCA-2-3	1.662319444444445	-2.05945	0.038860103626943004	0.7206588881262869	81.9	1	59	8	29	-26.1	1
tRNA-Cys-GCA-2-4	1.6014722222222226	-4.45725	0.046632124352331605	0.7383966244725738	81.9	1	58	21	29	-26.1	1
tRNA-Gln-TTG-1-1	1.6350416666666667	0.3245	0.06865284974093264	0.7529773338455628	72.6	0	40	8	6	-27.1	1
tRNA-Arg-CCG-2-1	1.6312624999999996	0.1269	0.06597671410090557	0.9744431753283838	64.9	0	25	11	4	-29.0	1
tRNA-Arg-CCT-1-1	1.3549178082191788	-3.14295	0.05304010349288486	0.6372062231049321	72.3	2	50	14	5	-32.1	1
tRNA-Arg-CCT-2-1	0.8587397260273973	-2.9562999999999997	0.06080206985769728	0.8018983716553474	71.1	2	49	28	5	-32.1	1
tRNA-Arg-TCG-3-1	0.21605479452054788	-1.5407500000000003	0.062095730918499355	0.7385264638649551	68.8	2	49	5	6	-25.9	1
tRNA-iMet-CAT-1-8	0.28981944444444446	-1.4767000000000001	0.022020725388601035	0.36424606845513413	60.4	0	48	9	20	-26.1	1
tRNA-Phe-GAA-1-6	0.49360273972602753	-0.7822500000000001	0.07373868046571798	1.09717868338558	88.9	1	69	4	10	-21.9	1
tRNA-Asn-GTT-2-6	0.9742432432432435	-2.0341	0.10465116279069768	0.9571277346506705	80.9	1	69	9	24	-26.4	1
tRNA-Gly-TCC-1-1	1.0096944444444451	-4.369	0.07512953367875648	0.8885826200493254	73.8	1	49	11	9	-25.1	1
tRNA-Val-CAC-3-1	0.21489041095890407	-2.7064499999999994	0.04139715394566624	0.6072435480373021	79.2	1	49	9	13	-22.6	1
tRNA-Thr-AGT-1-3	1.6146756756756768	-1.6289000000000002	0.08914728682170543	0.8238636363636364	82.6	0	44	25	9	-27.3	1
tRNA-Lys-CTT-10-1	-0.04495890410958902	0.046950000000000006	0.02069857697283312	0.39281705948372614	54.8	0	113	61	15	-19.1	0
tRNA-Ile-TAT-1-1	1.4914054054054051	0.2029	0.05170239596469105	0.8012820512820513	73.8	0	110	1	5	-28.0	1
tRNA-SeC-TCA-1-1	1.0021836734693874	-4.7357000000000005	0.043914680050188205	0.8021390374331551	146.9	0	62	34	2	-28.2	1
tRNA-Lys-CTT-11-1	-0.0807605633802817	0.17149999999999999	0.014267185473411154	0.09249471458773785	56.6	0	43	351	15	-16.0	0
tRNA-Tyr-GTA-2-1	1.6776986301369865	-3.6598999999999995	0.049429657794676805	0.6698564593301436	77.9	1	86	12	13	-28.7	1
tRNA-Ala-AGC-8-1	1.6343424657534247	-2.3705499999999997	0.059508408796895215	0.6433823529411765	59.7	1	86	6	26	-32.0	1
tRNA-Ile-TAT-2-1	1.4728918918918927	0.27475000000000005	0.09457755359394704	0.9326845093268451	73.2	0	23	6	5	-30.2	1
tRNA-Gly-CCC-2-1	1.3203239436619723	-3.574199999999999	0.05058365758754864	0.711864406779661	75.1	0	48	6	5	-31.4	1
tRNA-Glu-TTC-1-1	0.7134166666666665	-2.0576	0.03238341968911917	0.4658067158067158	72.5	0	35	10	7	-25.0	1
tRNA-Ala-CGC-3-1	1.6131125000000004	-2.4675499999999997	0.04404145077720207	0.7097697721579387	74.4	1	17	17	4	-27.6	1
tRNA-Gly-GCC-2-2	1.0786056338028172	-4.046900000000001	0.019455252918287938	0.13747054202670855	81.0	1	17	2	14	-26.4	1
tRNA-Tyr-ATA-1-1	-0.018109589041095872	-0.42925	0.017654476670870115	0.25225225225225223	57.6	0	60	11	1	-30.5	0
tRNA-Gly-GCC-1-5	0.0824788732394366	-0.8214000000000002	0.0324254215304799	0.34970025692263773	80.9	0	6	13	14	-28.8	1
tRNA-SeC-TCA-2-1	-0.009985294117647033	-0.59535	0.03125	0.3261122757978104	111.5	0	34	351	2	-18.4	0
tRNA-Arg-ACG-2-1	1.5422465753424657	-3.1050499999999994	0.0646830530401035	1.048234552332913	64.2	0	35	9	7	-23.1	1
tRNA-Cys-GCA-6-1	1.2750555555555563	-1.35305	0.006476683937823834	0.22945804195804195	79.3	1	4	9	29	-23.8	0
tRNA-Cys-GCA-9-1	1.330694444444445	-1.05165	0.0	0.0	77.2	1	4	11	29	-24.6	0
tRNA-Val-AAC-1-1	1.6085890410958903	-5.683700000000002	0.03492884864165589	0.6069013351829374	79.4	0	35	14	10	-24.7	1
tRNA-Cys-GCA-2-1	0.013944444444444457	-0.43034999999999995	0.029792746113989636	0.18013381369016984	81.9	0	9	13	29	-26.1	0
tRNA-Lys-CTT-9-1	-0.08053424657534244	-0.36445000000000005	0.00646830530401035	0.0	58.2	0	0	170	15	-23.7	0
tRNA-Val-AAC-1-2	0.0187534246575342	-1.2004999999999997	0.04657179818887452	0.49019607843137253	79.4	3	33	11	10	-24.7	1
tRNA-Val-AAC-1-3	0.0187534246575342	-1.21965	0.050452781371280724	0.5482456140350878	79.4	3	39	11	10	-24.7	1
tRNA-Val-CAC-1-4	0.13527397260273974	-1.6947999999999996	0.042690815006468305	0.41633624107850914	79.4	3	41	11	13	-24.7	1
tRNA-Leu-AAG-1-3	0.020085365853658534	-3.13615	0.054987212276214836	0.6524725274725275	75.2	3	41	19	9	-33.3	1
tRNA-Leu-AAG-2-1	0.009536585365853624	-4.579700000000001	0.04219948849104859	0.3840877914951989	74.8	3	47	11	9	-32.4	1
tRNA-Val-AAC-2-1	0.04883561643835615	-3.8455500000000002	0.054333764553686936	0.6211180124223602	79.4	3	47	10	10	-24.7	1
tRNA-Pro-TGG-3-1	0.9638055555555558	-3.72125	0.04922279792746114	0.7051961823966065	70.3	3	48	2	7	-29.5	1
tRNA-Thr-TGT-6-1	1.5186250000000001	-3.6845	0.08937823834196891	1.0144927536231885	75.7	3	48	9	6	-29.7	1
tRNA-Ala-TGC-3-1	1.4072916666666682	-3.5274499999999995	0.04145077720207254	0.5975609756097561	79.7	1	49	6	8	-26.5	1
tRNA-Lys-CTT-2-2	1.163972602739726	-3.7761999999999993	0.037516170763260026	0.8608217592592593	87.8	1	49	11	15	-28.0	1
tRNA-Val-AAC-1-4	0.7569589041095893	-3.7576500000000004	0.05304010349288486	0.7161125319693095	79.4	2	49	8	10	-24.7	1
tRNA-Lys-CTT-2-3	0.30650684931506844	-2.8411999999999997	0.045278137128072445	0.5923597678916828	87.8	2	50	9	15	-28.0	1
tRNA-Val-CAC-1-5	1.374424657534246	-3.13975	0.06727037516170763	0.7743362831858407	79.4	2	50	2	13	-24.7	1
tRNA-Gln-CTG-1-1	-0.04108333333333332	-0.3964	0.014248704663212436	0.36363636363636365	71.5	0	0	323	13	-24.7	0
tRNA-iMet-CAT-1-2	1.143472222222223	-4.432599999999999	0.023316062176165803	0.5232558139534884	60.4	0	21	5	20	-26.1	1
tRNA-Arg-TCG-4-1	1.1330273972602745	-5.44675	0.029754204398447608	0.8484848484848485	66.8	1	29	11	6	-23.7	1
tRNA-Ser-GCT-6-1	1.0245641025641028	-1.57565	0.02699228791773779	0.1865671641791045	71.6	5	31	27	8	-23.5	1
tRNA-Gln-TTG-3-1	0.5170138888888888	-2.4974	0.02461139896373057	0.6243032329988851	66.9	5	37	7	6	-22.0	1
tRNA-Gln-TTG-3-2	0.6405972222222223	-2.3213	0.02461139896373057	0.5713619402985075	66.9	5	37	7	6	-22.0	1
tRNA-Ser-TGA-3-1	1.3684024390243912	-3.33675	0.02557544757033248	0.39845173041894355	89.7	5	37	6	4	-32.8	1
tRNA-iMet-CAT-1-3	1.0879583333333334	-0.6787500000000001	0.03367875647668394	0.7225975975975976	60.4	6	38	14	20	-26.1	1
tRNA-Trp-CCA-3-1	0.7811388888888882	-2.67255	0.02461139896373057	0.47971491228070173	73.3	7	41	12	7	-25.1	1
tRNA-Arg-TCG-2-1	0.7483150684931507	-3.12785	0.03492884864165589	0.8558688147295742	70.3	6	41	27	6	-25.9	1
tRNA-Ser-AGA-2-1	0.9839146341463414	-2.7094	0.026854219948849106	0.5718954248366013	89.6	5	40	8	9	-32.8	1
tRNA-Arg-ACG-1-1	0.9675616438356162	-4.0938	0.02328589909443726	0.6924816280384398	67.6	5	40	62	7	-25.4	1
tRNA-iMet-CAT-1-4	0.3823333333333336	-2.1564	0.019430051813471502	0.6818181818181818	60.4	4	41	7	20	-26.1	1
tRNA-Trp-CCA-3-2	1.2910555555555554	-2.72285	0.03238341968911917	0.7148692810457516	73.3	4	42	4	7	-25.1	1
tRNA-Leu-CAG-1-7	1.2832168674698796	-4.8355999999999995	0.06002554278416347	0.7824143070044709	78.2	0	40	8	9	-35.7	1
tRNA-Thr-AGT-2-1	1.6065405405405404	-3.5202999999999998	0.031007751937984496	0.6099078914612895	81.4	2	38	7	9	-27.0	1
tRNA-Arg-ACG-1-2	1.2603150684931512	-2.5555999999999996	0.050452781371280724	0.851384223329086	67.6	2	35	15	7	-25.4	1
tRNA-Val-CAC-1-6	1.2953561643835612	-3.6772	0.062095730918499355	0.7621951219512195	79.4	2	35	2	13	-24.7	1
tRNA-Ala-CGC-1-1	1.463166666666665	-3.8420499999999995	0.02072538860103627	0.5412371134020618	79.7	3	27	5	4	-26.5	1
tRNA-Ile-AAT-5-1	1.4290405405405424	-3.5213	0.023255813953488372	0.5017921146953405	81.2	3	26	6	15	-25.5	1
tRNA-Pro-AGG-2-2	1.441611111111109	-3.8951000000000002	0.03367875647668394	0.6238859180035651	70.2	3	26	3	9	-29.5	1
tRNA-Lys-CTT-2-4	1.104904109589042	-4.6134	0.02069857697283312	0.3868115675078283	87.8	3	26	6	15	-28.0	1
tRNA-Tyr-GTA-1-1	1.607164383561644	-3.58865	0.03413400758533502	0.625993640699523	77.9	3	24	8	13	-29.8	1
tRNA-Ala-AGC-11-1	1.1163287671232882	-1.9251	0.03363518758085381	0.6463068181818182	58.9	3	24	1	26	-29.6	1
tRNA-Tyr-GTA-8-1	0.49890277777777775	-3.3307	0.016455696202531647	0.14938113529662825	72.4	3	23	6	13	-26.6	0
tRNA-Tyr-GTA-3-1	0.6662191780821919	-1.9963000000000002	0.030418250950570342	0.7707364815267923	77.5	3	21	6	13	-28.3	1
tRNA-Tyr-GTA-6-1	0.8031780821917804	-3.24275	0.022813688212927757	0.49603174603174605	75.1	0	19	6	13	-25.9	1
tRNA-Ala-AGC-14-1	-0.03812328767123287	-1.8059999999999998	0.01034928848641656	0.26217228464419473	58.9	1	20	156	26	-26.3	0
tRNA-Ala-AGC-12-1	0.05389041095890409	-1.3273	0.007761966364812419	0.11760752688172044	60.0	2	17	163	26	-26.3	0
tRNA-Ala-AGC-10-1	0.05768493150684931	-1.2136	0.014230271668822769	0.23894862604540024	60.1	1	17	220	26	-25.6	0
tRNA-Met-CAT-5-1	-0.07394520547945202	-1.1473	0.02199223803363519	0.5645161290322581	79.2	1	17	116	20	-26.7	1
tRNA-Ala-AGC-13-1	0.02339726027397262	-1.29545	0.0129366106080207	0.285109156076898	58.7	1	17	220	26	-26.3	0
tRNA-Met-CAT-4-2	0.4123835616438357	-3.1539500000000005	0.037516170763260026	0.6269337241491614	80.2	1	15	2	20	-26.7	1
tRNA-Ile-AAT-6-1	0.1466621621621621	-2.54915	0.031007751937984496	0.8651129943502824	81.6	1	11	8	15	-25.3	1
tRNA-Ile-TAT-2-2	0.8469864864864864	-1.6562999999999999	0.0654911838790932	0.9181833087391376	73.1	0	6	3	5	-33.2	1
tRNA-Pro-CGG-2-1	0.7369027777777781	-2.4962	0.029792746113989636	0.0	65.9	1	12	6	4	-27.6	1
tRNA-Ser-GCT-1-1	0.641695121951219	-2.3061999999999996	0.052429667519181586	1.003440366972477	91.9	1	11	9	8	-32.8	1
tRNA-His-GTG-1-5	0.6159444444444442	-1.0153	0.029792746113989636	0.46511627906976744	60.1	1	11	59	9	-25.5	1
tRNA-Thr-AGT-6-1	1.4554459459459461	-2.3241000000000005	0.012919896640826873	0.34814323607427056	80.6	1	11	11	9	-27.8	1
tRNA-Ile-AAT-5-2	0.5303648648648648	-2.5846999999999993	0.04392764857881137	0.6760316066725197	81.2	0	19	14	15	-25.5	1
tRNA-Val-CAC-6-1	0.5528904109589042	-1.94565	0.042690815006468305	0.6211180124223602	63.1	3	21	20	13	-19.2	1
tRNA-Ser-CGA-2-1	0.6904512195121952	-1.85445	0.023017902813299233	0.06628787878787878	94.0	3	19	22	4	-34.0	1
tRNA-Arg-ACG-2-2	0.7650958904109588	-3.7173499999999997	0.047865459249676584	0.8718297101449275	64.2	3	18	8	7	-23.1	1
tRNA-Arg-ACG-2-3	0.11547945205479447	-0.24155000000000007	0.047865459249676584	0.831447963800905	64.2	3	17	15	7	-23.1	1
tRNA-Leu-TAA-4-1	0.3186144578313254	-1.6314	0.033205619412515965	0.7155838255338483	83.8	2	13	154	4	-31.2	1
tRNA-Val-AAC-5-1	0.06002739726027399	-1.3322999999999998	0.04398447606727038	0.8158508158508159	67.0	2	14	13	10	-16.8	1
tRNA-Ile-AAT-5-3	0.23690540540540547	-2.2223499999999996	0.03229974160206718	0.6907894736842105	81.2	2	16	26	15	-25.5	1
tRNA-Ile-AAT-9-1	0.23213513513513515	-1.1208999999999998	0.01808785529715762	0.0	79.3	2	18	4	15	-21.2	0
tRNA-Ile-AAT-3-1	0.3515000000000001	-2.6676842105263154	0.03229974160206718	0.7514761137949544	84.9	2	18	4	15	-24.7	1
tRNA-Val-CAC-2-1	0.10834246575342467	-2.0211500000000004	0.03492884864165589	0.461133069828722	80.5	2	18	7	13	-25.6	1
tRNA-Val-TAC-4-1	0.2286712328767123	-2.2512499999999998	0.03622250970245795	0.8076923076923077	68.7	2	19	8	5	-21.9	1
tRNA-Gln-CTG-5-1	0.4862500000000002	-3.6268000000000007	0.023316062176165803	0.3093239063190455	66.2	2	21	79	13	-24.2	1
tRNA-Ser-GCT-2-1	-0.0037560975609756157	-3.4676315789473677	0.030690537084398978	0.494949494949495	91.0	2	21	4	8	-30.1	1
tRNA-iMet-CAT-1-5	0.15527777777777774	-1.02615	0.034974093264248704	0.8739076154806492	60.4	1	17	4	20	-26.1	1
tRNA-Lys-TTT-6-1	0.1547808219178082	-3.8087500000000007	0.02199223803363519	0.6463527239150508	85.2	1	17	13	12	-28.0	1
tRNA-Ser-AGA-2-2	0.7956219512195116	-3.3104999999999998	0.04092071611253197	0.49157303370786515	89.6	1	15	5	9	-32.8	1
tRNA-Asp-GTC-2-6	0.2609861111111111	-1.6485000000000003	0.04015544041450777	0.8519473081328751	66.5	1	14	11	13	-26.4	1
tRNA-Ser-AGA-2-3	0.6492804878048778	-3.58725	0.043478260869565216	0.691699604743083	89.6	3	14	6	9	-32.8	1
tRNA-Ser-AGA-2-4	0.5879146341463417	-2.55185	0.03836317135549872	0.7706639566395664	89.6	3	14	9	9	-32.8	1
tRNA-Asp-GTC-2-7	-0.13338888888888892	-1.7968999999999997	0.02849740932642487	0.6479081821547575	66.5	3	14	9	13	-26.4	1
tRNA-Ser-TGA-4-1	0.12658536585365857	-2.3953999999999995	0.023017902813299233	0.0682261208576998	84.0	3	14	6	4	-30.0	1
tRNA-Gln-CTG-1-2	0.8390277777777784	-2.516049999999999	0.03367875647668394	0.7281553398058253	71.5	0	14	25	13	-24.7	1
tRNA-Ser-AGA-3-1	0.837926829268293	-3.56375	0.021739130434782608	0.43555555555555553	87.2	1	11	123	9	-32.8	0
tRNA-Ser-AGA-1-1	0.8502317073170733	-3.5757499999999993	0.020460358056265986	0.31542898341744774	90.3	3	10	100	9	-32.8	1
tRNA-Ser-TGA-2-1	0.4248292682926832	-2.6548000000000007	0.0370843989769821	0.7773713091194147	90.4	3	9	1	4	-32.8	1
tRNA-Gln-CTG-2-1	0.935666666666666	-1.9802999999999997	0.02849740932642487	0.5375164545853445	70.9	3	8	36	13	-24.7	1
tRNA-Ser-AGA-4-1	0.6659390243902437	-1.3303999999999998	0.029411764705882353	0.30991735537190085	78.8	3	4	7	9	-29.2	1
tRNA-Arg-TCT-5-1	0.2983424657534247	-2.51715	0.0241423125794155	0.6659056316590564	61.4	1	4	9	6	-23.1	1
tRNA-Asp-GTC-3-1	-1.1453194444444454	-1.2121	0.03367875647668394	0.6471494607087828	58.2	2	3	13	13	-24.3	1
tRNA-Lys-TTT-4-1	0.3123835616438358	-2.0832000000000006	0.02199223803363519	0.7466666666666667	86.8	2	2	11	12	-26.0	1
tRNA-iMet-CAT-1-6	0.6871666666666664	-2.1502999999999997	0.029792746113989636	0.6225296442687747	60.4	3	2	8	20	-26.1	1
tRNA-Leu-CAA-3-1	0.1908095238095237	-1.0965999999999998	0.0322180916976456	0.7368421052631579	77.3	2	0	6	7	-38.2	1
tRNA-Leu-CAA-2-1	0.6992738095238098	-2.4076500000000003	0.038366336633663366	0.628279480806407	78.0	1	0	10	7	-38.9	1
tRNA-Thr-CGT-5-1	0.6603783783783784	-1.8114000000000001	0.03359173126614987	0.3978779840848806	66.2	0	0	50	5	-26.2	1
tRNA-Ile-TAT-2-3	-0.11694594594594594	-1.3624999999999998	0.037783375314861464	0.8032128514056225	73.1	0	3	2	5	-31.9	1
tRNA-Val-AAC-3-1	0.491849315068493	-2.9027000000000003	0.02199223803363519	0.0	72.8	0	6	63	10	-21.1	1
tRNA-Ile-AAT-8-1	0.35437837837837843	-3.00135	0.04263565891472868	0.7692307692307693	75.8	2	7	43	15	-26.3	1
tRNA-Arg-ACG-2-4	0.7194246575342466	-2.9825500000000003	0.018111254851228976	0.11371020142949967	64.2	2	7	13	7	-23.1	1
tRNA-Ser-CGA-3-1	-0.08428048780487815	-1.3118500000000002	0.0370843989769821	0.48785344484269216	94.6	3	7	6	4	-31.8	1
tRNA-Val-AAC-4-1	0.323986301369863	-3.7771	0.04657179818887452	0.7383966244725738	69.2	3	7	201	10	-20.3	1
tRNA-Thr-AGT-2-2	0.5674324324324328	-2.6912999999999996	0.03617571059431524	0.8314855875831486	81.4	2	7	20	9	-27.0	1
tRNA-Ile-AAT-2-1	0.523216216216216	-2.2792499999999998	0.05167958656330749	0.8054690672803574	86.3	2	10	15	15	-27.6	1
tRNA-Leu-TAA-2-1	0.6636626506024101	-2.4760999999999997	0.024265644955300127	0.28583095140873827	90.8	1	10	7	4	-33.5	1
tRNA-Thr-AGT-4-1	0.3014459459459461	-0.70825	0.016795865633074936	0.23046532045654083	81.2	1	10	207	9	-25.2	0
tRNA-Val-AAC-1-5	0.45128767123287655	-2.67845	0.042690815006468305	0.5251312828207052	79.4	0	16	11	10	-24.7	1
tRNA-iMet-CAT-2-1	0.011277777777777763	-4.799947368421052	0.014248704663212436	0.33875338753387535	51.7	0	16	11	20	-26.1	1
tRNA-Gln-CTG-6-1	0.42516666666666647	-3.529950000000001	0.018134715025906734	0.49411764705882355	64.7	1	14	93	13	-21.6	1
tRNA-Gln-TTG-3-3	1.0512500000000005	-2.8617500000000002	0.007772020725388601	0.14705882352941177	66.9	1	15	9	6	-22.0	0
tRNA-iMet-CAT-1-7	1.2709583333333339	-4.0024999999999995	0.01683937823834197	0.5501908825510892	60.4	1	16	0	20	-26.1	1
tRNA-Gly-GCC-2-3	1.0943239436619718	-3.6139	0.041504539559014265	0.8536585365853658	81.0	1	16	9	14	-26.4	1
tRNA-Ser-GCT-5-1	0.9211341463414633	-3.0340999999999996	0.024296675191815855	0.6026170798898072	85.2	0	44	15	8	-30.7	1
tRNA-Thr-TGT-1-1	0.85627027027027	-2.7581499999999997	0.014211886304909561	0.642791551882461	83.3	1	27	5	6	-24.9	1
tRNA-Leu-AAG-4-1	0.248829268292683	-1.6781	0.024296675191815855	0.7028112449799196	64.4	1	24	58	9	-27.7	0
tRNA-Thr-CGT-1-1	0.8582702702702701	-2.5665500000000003	0.023255813953488372	0.985663082437276	78.4	0	24	4	5	-23.7	1
tRNA-Ile-TAT-3-1	0.6524864864864864	-2.4381	0.031486146095717885	0.5221653878942881	72.1	1	21	1	5	-30.9	1
tRNA-Arg-TCG-5-1	0.9975205479452052	-2.7946	0.019404915912031046	0.10432190760059612	65.5	1	22	8	6	-23.7	1
tRNA-Gln-TTG-2-1	0.45722222222222203	-1.316	0.038860103626943004	0.49226441631504925	70.0	1	25	14	6	-27.1	1
tRNA-Ser-GCT-4-1	0.925719512195122	-2.17235	0.023017902813299233	0.5636070853462157	88.4	2	24	10	8	-30.7	1
tRNA-Ala-AGC-3-1	0.819513888888889	-1.8854000000000006	0.02461139896373057	0.4685408299866131	80.3	1	21	4	26	-29.9	1
tRNA-Ala-TGC-2-1	0.14366666666666664	-2.5679	0.012953367875647668	0.0992063492063492	79.7	1	16	13	8	-26.5	1
tRNA-Thr-CGT-3-1	1.0095405405405404	-2.8855000000000004	0.02454780361757106	0.6993006993006993	77.1	2	16	13	5	-25.8	1
tRNA-Ala-AGC-4-1	0.8048611111111109	-3.6069999999999984	0.029792746113989636	0.5494505494505495	76.1	1	13	3	26	-23.6	1
tRNA-Ala-CGC-2-1	1.107875	-2.5749000000000004	0.025906735751295335	0.684931506849315	79.7	0	9	15	4	-26.5	1
tRNA-Ala-AGC-5-1	0.43380555555555556	-3.48155	0.023316062176165803	0.41477384949634605	84.2	1	8	107	26	-30.4	1
tRNA-Ala-AGC-7-1	-0.14180555555555552	-1.386	0.018134715025906734	0.0	84.7	3	7	67	26	-31.9	1
tRNA-Thr-AGT-3-1	0.12304054054054055	-2.1546	0.012919896640826873	0.17654476670870115	80.7	3	3	50	9	-26.8	1
tRNA-Ala-CGC-4-1	0.18905555555555556	-5.070749999999999	0.019430051813471502	0.37537537537537535	76.1	3	2	8	4	-25.7	1
tRNA-Val-AAC-6-1	0.3836527777777776	-1.6311999999999998	0.018134715025906734	0.4596622889305816	69.9	3	1	66	10	-19.0	1
tRNA-Arg-CCG-1-1	0.5723424657534245	-1.88095	0.028460543337645538	0.651890482398957	67.0	2	1	238	4	-27.1	1
tRNA-Lys-TTT-7-1	0.10532876712328763	-2.3933500000000003	0.03234152652005175	0.6844850065189049	74.9	1	1	13	12	-19.6	1
tRNA-Ala-TGC-6-1	0.5774027777777776	-2.320849999999999	0.025906735751295335	0.5306476066709985	74.2	1	1	8	8	-27.4	1
tRNA-Phe-GAA-6-1	-0.07213513513513518	-0.50645	0.025839793281653745	0.5439005439005439	58.8	1	1	6	10	-14.6	0
tRNA-Ala-TGC-1-1	0.5990277777777776	-2.0472	0.031088082901554404	0.7028112449799196	80.5	2	3	9	8	-28.5	1
tRNA-Phe-GAA-1-1	0.26619178082191775	-1.7792000000000006	0.03234152652005175	0.16374269005847952	88.9	2	3	3	10	-21.9	1
tRNA-Ala-AGC-1-1	-0.17012500000000003	-2.0199	0.02849740932642487	0.5003248862897985	84.9	3	3	7	26	-28.9	1
tRNA-Ala-TGC-7-1	0.6089999999999998	-2.4346999999999994	0.02594033722438392	0.4683318465655665	60.0	3	3	53	8	-20.0	1
tRNA-Phe-GAA-3-1	0.08160273972602734	-1.03985	0.016817593790426907	0.4449152542372881	88.3	3	3	6	10	-22.0	1
tRNA-Ala-AGC-6-1	-0.17470833333333335	-2.2171	0.01683937823834197	0.2125506072874494	74.1	3	2	2	26	-27.8	0
tRNA-Ala-TGC-5-1	0.5922638888888887	-2.1719	0.031088082901554404	0.5104166666666666	75.3	3	2	8	8	-27.1	1
tRNA-Phe-GAA-4-1	0.07878378378378376	-0.6412000000000001	0.023255813953488372	0.7911667536080682	75.5	1	4	6	10	-19.9	0
tRNA-Ala-AGC-2-1	1.0051666666666668	-4.2416	0.034974093264248704	0.6722151088348272	84.7	0	9	4	26	-31.9	1
tRNA-Ala-AGC-2-2	1.0734305555555566	-2.99725	0.042746113989637305	0.9496124031007752	84.7	0	12	6	26	-31.9	1
tRNA-Arg-CCG-1-2	0.4200410958904108	-1.6891499999999997	0.027166882276843468	0.40160642570281124	67.0	0	13	3	4	-27.1	1
tRNA-Leu-CAA-1-1	1.2604819277108434	-2.5425999999999997	0.05334987593052109	0.8664796170985312	77.2	0	14	5	7	-36.7	1
tRNA-Leu-CAA-1-2	0.7732530120481931	-2.4475000000000002	0.03975155279503106	1.0951910408432148	77.2	4	25	17	7	-38.1	1
tRNA-Gln-CTG-1-3	1.16025	-3.3530499999999996	0.027202072538860103	0.5498821681068342	71.5	4	25	13	13	-24.7	1
tRNA-Leu-AAG-2-2	0.7093292682926828	-2.52015	0.03324808184143223	0.42187157571772954	74.8	5	25	10	9	-32.4	1
tRNA-Met-CAT-3-1	1.1704109589041098	-2.86105	0.0258732212160414	0.6931836936788249	77.4	5	25	9	20	-25.8	1
tRNA-Lys-TTT-3-3	0.3114246575342466	-1.52275	0.02199223803363519	0.6072874493927125	87.8	5	27	11	12	-27.5	1
tRNA-Met-CAT-3-2	1.0731369863013696	-2.9021	0.02328589909443726	0.516550706304027	77.4	3	27	7	20	-25.8	1
tRNA-Phe-GAA-1-2	0.6241095890410961	-1.4786000000000001	0.03363518758085381	0.9634634634634635	88.9	2	28	13	10	-21.9	1
tRNA-Glu-CTC-1-6	1.0232638888888883	-3.188	0.03756476683937824	1.005128205128205	73.2	2	28	5	8	-26.4	1
tRNA-Leu-AAG-3-1	0.6394390243902436	-2.41495	0.05370843989769821	0.7119333591631151	73.8	2	25	5	9	-32.4	1
tRNA-Ile-AAT-1-1	0.1384999999999999	-2.49205	0.05297157622739018	0.8913857677902621	81.9	1	15	5	15	-27.4	1
tRNA-Ala-AGC-13-2	0.0005205479452054719	-1.2850000000000001	0.014230271668822769	0.23769100169779286	58.7	1	16	220	26	-26.3	0
tRNA-Met-CAT-7-1	-0.11379452054794519	-1.2159499999999999	0.015523932729624839	0.3868828297715549	66.2	1	16	4	20	-24.8	0
tRNA-Ala-AGC-12-3	0.02835616438356164	-1.2696	0.015523932729624839	0.3967611336032389	60.0	0	21	220	26	-26.3	0
tRNA-Ala-AGC-16-1	-0.07965753424657532	-1.7035	0.01164294954721863	0.3121098626716604	53.1	0	22	207	26	-21.5	0
tRNA-Glu-CTC-1-7	1.205777777777779	-3.5808999999999997	0.025906735751295335	0.5887300252312868	73.2	0	24	6	8	-26.4	1
tRNA-Leu-TAA-1-1	1.3469638554216858	-1.8625499999999995	0.07407407407407407	0.9546368073499857	88.7	0	9	8	4	-32.3	1
tRNA-Gln-TTG-4-1	-0.046625	0.009200000000000012	0.014248704663212436	0.11114639568116863	58.1	0	0	14	6	-24.1	0
tRNA-Trp-CCA-5-1	0.4709027777777778	-1.6067	0.034974093264248704	0.5957446808510638	68.8	0	64	73	7	-25.1	1
tRNA-Pro-AGG-2-3	1.4451944444444447	-1.36675	0.02072538860103627	0.24888888888888888	70.2	0	97	3	9	-29.5	1
tRNA-Arg-CCT-4-1	1.6730131578947363	-1.3480500000000002	0.06985769728331177	1.371473354231975	65.6	0	28	9	5	-27.2	1
tRNA-Cys-GCA-1-1	0.49106944444444456	-1.36225	0.0025906735751295338	0.1559367342392515	84.1	0	28	2	29	-26.6	0
tRNA-Cys-GCA-9-2	0.46490277777777805	-1.2423499999999998	0.0038860103626943004	0.04050925925925926	77.2	0	26	5	29	-24.6	0
tRNA-Cys-GCA-13-1	0.7342361111111112	-1.43065	0.007772020725388601	0.1323918799646955	74.0	0	18	4	29	-24.6	1
tRNA-Cys-GCA-18-1	0.43479166666666663	-2.0329	0.0051813471502590676	0.16203703703703703	71.8	1	8	12	29	-22.2	0
tRNA-Cys-GCA-10-1	0.5205285714285713	-2.17395	0.006476683937823834	0.13671875	74.9	1	9	14	29	-24.2	0
tRNA-Cys-GCA-11-1	0.378875	-1.4569999999999999	0.05569948186528497	1.0715793918918919	76.9	0	16	10	29	-24.0	1
tRNA-Cys-GCA-16-1	0.476402777777778	-1.3401500000000002	0.0051813471502590676	0.2028985507246377	70.0	0	16	12	29	-24.6	0
tRNA-Cys-GCA-22-1	0.14172857142857134	-1.1619	0.00909090909090909	0.227125243348475	64.9	0	14	6	29	-19.8	0
tRNA-Cys-GCA-15-1	0.2285555555555556	-1.7318500000000003	0.0051813471502590676	0.2032520325203252	70.5	1	9	12	29	-22.1	0
tRNA-Cys-GCA-3-1	0.585986111111111	-1.00975	0.006476683937823834	0.18387181507748884	79.1	3	9	5	29	-27.3	0
tRNA-Cys-GCA-23-1	0.062041666666666634	-1.4981	0.0051813471502590676	0.051759834368530024	59.1	2	9	24	29	-20.0	0
tRNA-Cys-GCA-20-1	0.1451408450704225	-1.20675	0.007772020725388601	0.22229279136233726	65.6	2	9	7	29	-17.5	0
tRNA-Cys-GCA-19-1	0.5723888888888887	-1.0430500000000003	0.009067357512953367	0.199174847062171	69.2	0	9	5	29	-20.8	0
tRNA-Cys-GCA-9-3	0.3197361111111111	-1.91925	0.012953367875647668	0.1257183908045977	77.2	0	4	12	29	-24.6	0
tRNA-Cys-GCA-12-1	0.5706388888888889	-1.4552999999999998	0.010362694300518135	0.0	72.4	0	10	11	29	-20.4	0
tRNA-Cys-GCA-21-1	0.06945833333333329	-1.7095500000000001	0.0025906735751295338	0.05582137161084529	60.7	0	22	24	29	-23.9	0
tRNA-Cys-GCA-17-1	0.45088888888888856	-1.7197	0.027202072538860103	0.5699397492265104	70.7	0	23	6	29	-20.3	1
tRNA-Cys-GCA-9-4	0.49530555555555533	-1.5994499999999998	0.006476683937823834	0.17641129032258066	77.2	0	41	12	29	-24.6	0
tRNA-Tyr-GTA-9-1	-0.042708333333333334	0.026800000000000008	0.015228426395939087	0.0	52.0	0	31	351	13	-16.7	0
tRNA-Tyr-GTA-5-1	0.8615342465753426	-2.9895500000000004	0.07187894073139975	0.9165731387953611	75.3	2	30	11	13	-30.5	1
tRNA-Tyr-GTA-5-2	1.2509863013698632	-3.408499999999999	0.06590621039290241	0.7692307692307693	75.5	2	30	21	13	-32.3	1
tRNA-Ala-AGC-8-2	1.679986301369863	-1.1595999999999997	0.047865459249676584	0.7983056370153144	59.7	2	30	1	26	-32.0	1
tRNA-Ser-AGA-2-5	1.4882352941176473	-0.77415	0.056265984654731455	0.6179775280898876	89.6	0	12	11	9	-32.8	1
tRNA-Met-CAT-1-1	1.012630136986302	-1.9416000000000004	0.06338939197930142	0.7884856070087609	82.3	0	38	6	20	-25.0	1
tRNA-His-GTG-1-6	1.0045000000000002	0.04065000000000002	0.015544041450777202	0.16666666666666666	60.1	0	1	13	9	-25.5	0
tRNA-Arg-TCG-6-1	-0.06691780821917812	-0.6218000000000001	0.02199223803363519	0.08800603469952226	53.7	0	16	13	6	-21.0	0
tRNA-Arg-TCT-3-1	0.30105479452054795	-2.39715	0.06447534766118837	0.8338557993730408	70.1	0	67	2	6	-28.1	1
tRNA-Ile-GAT-1-1	1.0219324324324324	-2.45225	0.07622739018087855	0.8021390374331551	75.5	0	5	10	3	-31.9	0
tRNA-Val-TAC-1-2	1.2971780821917813	-5.300050000000001	0.0815006468305304	0.9293300653594772	82.9	0	28	17	5	-23.6	1
