tRNA	CpGDensity	ObsExpUp	GenBit	tRNA10kb	TTTT	Codon	MFE
NC_000067.6.tRNA2318-GluTTC	0.047927461	0.800304878	70.4	0	5	8	-24.8	1
NC_000067.6.tRNA2073-GlyGCC	0.051880674	0.739957717	75.4	0	8	13	-26.4	1
NC_000067.6.tRNA1880-LysCTT	0.010349288	0.17921147	67.6	0	140	19	-22.4	0
NC_000067.6.tRNA702-LysTTT	0.042690815	0.872093023	87.8	1	6	13	-27.5	1
NC_000067.6.tRNA1742-LysTTT	0.027166882	0.563607085	87.8	1	8	13	-27.5	1
NC_000067.6.tRNA838-IleTAT	0.007761966	0.242438236	54.5	0	86	5	-13.2	0
NC_000067.6.tRNA958-ProAGG	0.047927461	0.633484163	70.2	1	6	6	-29.5	1
NC_000067.6.tRNA1491-ProCGG	0.084196891	0.951086957	70.2	1	3	3	-29.5	1
NC_000067.6.tRNA1458-AsnGTT	0.04005168	0.721500722	80.9	3	9	13	-26.4	1
NC_000067.6.tRNA1457-AspGTC	0.028497409	0.548589342	66.5	4	9	16	-26.4	1
NC_000067.6.tRNA1456-GlyTCC	0.049222798	1.128472222	73.8	4	9	7	-25.1	1
NC_000067.6.tRNA995-LeuCAG	0.035759898	0.906214039	77.3	4	5	10	-32.8	1
NC_000067.6.tRNA996-GlyGCC	0.04150454	0.59473237	81	3	11	13	-26.4	1
NC_000067.6.tRNA1452-AspGTC	0.099740933	0.916988417	66.5	9	11	16	-26.4	1
NC_000067.6.tRNA998-LeuCAG	0.084291188	0.917778684	78.2	9	8	10	-35.7	1
NC_000067.6.tRNA1445-LeuCAG	0.033205619	0.588235294	78.2	4	3	10	-35.7	1
NC_000067.6.tRNA1004-AspGTC	0.062176166	0.733024691	66.5	4	10	16	-26.4	1
NC_000067.6.tRNA1005-GlyTCC	0.058290155	0.853658537	73.8	4	5	7	-25.1	1
NC_000067.6.tRNA1006-GluCTC	0.042746114	0.754107191	73.2	4	4	11	-26.4	1
NC_000067.6.tRNA1007-ValCAC	0.050452781	0.7	79.4	4	9	10	-24.7	1
NC_000067.6.tRNA1040-ArgTCT	0.020671835	0.256410256	75.1	0	19	5	-25.5	1
NC_000076.6.tRNA2054-LeuTAA	0.067688378	0.988700565	84	0	9	4	-29.9	1
NC_000076.6.tRNA2003-TrpCCA	0.018134715	0.239684985	63.4	0	351	8	-17.9	0
NC_000076.6.tRNA136-GluCTC	0.020725389	0.28330905	73.2	0	6	11	-26.4	1
NC_000076.6.tRNA1702-SerTGA	0.070332481	1.025390625	94	0	16	3	-34.9	1
NC_000076.6.tRNA1481-PheGAA	0.053040103	1.161327231	88.9	1	4	7	-21.9	1
NC_000076.6.tRNA593-AsnGTT	0.068475452	1.021985572	80.9	1	11	13	-26.4	1
NC_000076.6.tRNA1338-TrpCCA	0.067357513	0.992125984	74.3	1	3	8	-25.1	1
NC_000076.6.tRNA1337-AspGTC	0.059585492	0.410798122	65.4	1	8	16	-26.4	1
NC_000076.6.tRNA1329-AspGTC	0.037564767	0.649275362	66.5	0	12	16	-26.4	1
NC_000076.6.tRNA1048-SerCGA	0.056265985	0.870576908	89.6	0	4	3	-29.8	1
NC_000077.6.tRNA94-AspGTC	0.04015544	0.12987013	66.5	0	11	16	-26.4	0
NC_000077.6.tRNA323-ValCAC	0.028460543	0.533943555	79.4	1	2	10	-24.7	1
NC_000077.6.tRNA324-GlyACC	0.034883721	0.52238806	70.7	1	31	1	-27.1	1
NC_000077.6.tRNA3143-LysCTT	0.027166882	0.540123457	87.8	1	9	19	-28	1
NC_000077.6.tRNA3142-AlaTGC	0.028497409	0.360824742	79.7	1	17	11	-26.5	1
NC_000077.6.tRNA326-ThrTGT	0.040103493	1.055555556	78.8	3	9	4	-29.7	1
NC_000077.6.tRNA327-ProTGG	0.041450777	0.373418686	70.3	3	5	7	-29.5	1
NC_000077.6.tRNA328-ValAAC	0.051746442	0.925925926	79.4	3	11	8	-24.7	1
NC_000077.6.tRNA3141-LeuAAG	0.046035806	0.821917808	74.8	3	5	5	-30.7	1
NC_000077.6.tRNA2969-GluCTC	0.041450777	0.540123457	73.2	1	7	11	-26.4	1
NC_000077.6.tRNA2968-LeuCAA	0.049566295	0.658546247	75.6	1	7	4	-40.5	1
NC_000077.6.tRNA2922-TrpCCA	0.067357513	0.841346154	75.1	0	7	8	-25.1	1
NC_000077.6.tRNA2879-TrpCCA	0.034974093	0.650406504	75.7	0	10	8	-25.1	1
NC_000077.6.tRNA585-ProTGG	0.011658031	0.214680025	55.7	0	3	7	-19.3	0
NC_000077.6.tRNA615-IleAAT	0.0374677	0.193584071	81.2	6	11	11	-25.5	1
NC_000077.6.tRNA616-SerAGA	0.046035806	0.925925926	89.6	6	11	8	-32.8	1
NC_000077.6.tRNA617-ThrAGT	0.027131783	0.847115772	82.6	6	34	9	-27.3	1
NC_000077.6.tRNA618-ProCGG	0.071243523	0.925191647	70.2	6	8	3	-29.5	1
NC_000077.6.tRNA619-AspGTC	0.044041451	0.815850816	66.5	6	6	16	-26.4	1
NC_000077.6.tRNA2836-GlyTCC	0.033678756	0.59178744	73.8	6	10	7	-25.1	1
NC_000077.6.tRNA620-TrpCCA	0.031088083	0.664767331	73.4	6	13	8	-24.5	1
NC_000077.6.tRNA2835-IleAAT	0.024547804	0.629779577	81.2	3	11	11	-25.5	1
NC_000077.6.tRNA2834-ThrAGT	0.034883721	0.729166667	82.6	3	13	9	-27.3	1
NC_000077.6.tRNA2833-SerGCT	0.037084399	0.616197183	88.4	3	27	7	-30.7	1
NC_000077.6.tRNA2832-TrpCCA	0.03626943	0.377007442	73.4	3	4	8	-24.5	1
NC_000077.6.tRNA621-ThrAGT	0.028423773	0.443037975	80.1	2	81	9	-27.3	1
NC_000077.6.tRNA622-SerCGA	0.051150895	0.677083333	95.1	2	7	3	-34	1
NC_000077.6.tRNA2831-GlyGCC	0.031128405	0.332173363	81	6	10	13	-26.4	1
NC_000077.6.tRNA2830-ArgTCT	0.033036849	0.695364238	70.8	4	1	5	-24.3	1
NC_000077.6.tRNA623-LeuTAG	0.037084399	0.840840841	75.2	4	8	3	-33.3	1
NC_000077.6.tRNA2829-GlnCTG	0.018134715	0.629779577	71.5	4	5	10	-24.7	1
NC_000077.6.tRNA2828-LysTTT	0.031047865	0.648148148	87.8	4	6	13	-27.5	1
NC_000077.6.tRNA2738-LysCTT	0.003875969	0.168350168	54	0	68	19	-13.4	0
NC_000077.6.tRNA860-ThrCGT	0.081606218	0.787712895	78.3	0	16	4	-27.3	1
NC_000077.6.tRNA983-GlnTTG	0.00388601	0	51.3	0	170	6	-15.7	0
NC_000077.6.tRNA2317-GlnTTG	0.069948187	0.930930931	72.6	0	9	6	-27.1	1
NC_000077.6.tRNA2238-AsnGTT	0.045219638	0.671936759	80.9	0	9	13	-26.4	1
NC_000077.6.tRNA2236-CysGCA	0.00388601	0.056984696	77.1	0	5	54	-23.9	0
NC_000077.6.tRNA1235-CysGCA	0.016839378	0.630144033	81.9	1	15	54	-26.1	0
NC_000077.6.tRNA2234-CysGCA	0.034974093	0.584762753	81.8	1	7	54	-23.9	1
NC_000077.6.tRNA2223-CysGCA	0.038860104	0.788510279	81.9	1	13	54	-26.1	1
NC_000077.6.tRNA2222-CysGCA	0.028497409	0.203252033	81.9	1	23	54	-26.1	1
NC_000077.6.tRNA1301-SerGGA	0.006468305	0.110636953	77.6	0	4	1	-19.8	0
NC_000077.6.tRNA1496-ArgCCG	0.047865459	0.965707529	64.9	0	12	3	-29	1
NC_000077.6.tRNA1594-ArgCCT	0.042690815	0.940860215	72.3	2	10	5	-32.1	1
NC_000077.6.tRNA1917-ArgCCT	0.055627426	0.999619193	71.1	2	12	5	-32.1	1
NC_000077.6.tRNA1595-ArgTCG	0.045278137	0.914480957	68.8	2	5	5	-25.9	1
NC_000078.6.tRNA1324-LysCTT	0.021992238	0.377155172	88	0	7	19	-30.1	1
NC_000078.6.tRNA795-IleAAT	0.049095607	0.574712644	81.2	0	10	11	-25.5	1
NC_000079.6.tRNA1539-GluCTC	0.025906736	0.46875	73.2	6	6	11	-26.4	1
NC_000079.6.tRNA82-PheGAA	0.027166882	0.790513834	88.9	6	14	7	-21.9	1
NC_000079.6.tRNA83-MetCAT	0.025873221	0.67987568	77.4	8	4	17	-25.8	1
NC_000079.6.tRNA1538-LysTTT	0.018111255	0.243506494	87.8	8	6	13	-27.5	1
NC_000079.6.tRNA1537-MetCAT	0.046571798	1.012069399	77.4	8	8	17	-25.8	1
NC_000079.6.tRNA84-LeuAAG	0.049872123	0.925313946	74.8	8	5	5	-30.7	1
NC_000079.6.tRNA85-LeuAAG	0.046035806	0.963808025	74.1	8	9	5	-29.2	1
NC_000079.6.tRNA86-GlnCTG	0.015544041	0.405092593	71.5	6	2	10	-24.7	1
NC_000079.6.tRNA1536-LeuCAA	0.026054591	0.656783637	77.7	6	6	4	-38.7	1
NC_000079.6.tRNA87-LeuCAA	0.053416149	0.670498084	78.1	0	8	4	-39.8	1
NC_000079.6.tRNA1534-ArgCCG	0.027166882	0.59747354	67	1	6	3	-27.1	1
NC_000079.6.tRNA88-AlaAGC	0.033678756	0.528846154	84.7	1	1	13	-31.9	1
NC_000079.6.tRNA89-AlaAGC	0.037564767	0.688202247	84.7	2	3	13	-31.9	1
NC_000079.6.tRNA90-AlaTGC	0.019430052	0.427350427	84.9	3	6	11	-30.5	0
NC_000079.6.tRNA91-AlaAGC	0.018134715	0.225806452	85.3	3	52	13	-30.4	1
NC_000079.6.tRNA1532-ThrAGT	0.011627907	0.430731364	79.7	3	32	9	-25.5	0
NC_000079.6.tRNA92-AlaCGC	0.027202073	0.595975232	79.7	2	4	10	-26.5	1
NC_000079.6.tRNA93-AlaAGC	0.03238342	0.554047942	83.6	3	3	13	-27	1
NC_000079.6.tRNA94-ThrCGT	0.021963824	0.675675676	76.5	2	8	4	-26.3	1
NC_000079.6.tRNA1531-GlnTTG	0.011658031	0.164473684	65.7	3	10	6	-24.9	1
NC_000079.6.tRNA95-ThrTGT	0.036175711	0.69485805	83.6	2	3	4	-26	1
NC_000079.6.tRNA96-ArgTCG	0.029754204	0.830457291	65.5	1	3	5	-23.7	1
NC_000079.6.tRNA97-ThrCGT	0.020671835	0.66772655	78.2	1	4	4	-26	1
NC_000079.6.tRNA1530-MetCAT	0.028460543	0.812567714	77.1	1	4	17	-24	1
NC_000079.6.tRNA1527-SerGCT	0.007672634	0.066742944	88	0	13	7	-29	0
NC_000079.6.tRNA100-GlyGCC	0.032425422	0.8	81	1	7	13	-26.4	1
NC_000079.6.tRNA101-iMetCAT	0.034974093	0.878136201	60.4	1	9	17	-26.1	1
NC_000079.6.tRNA102-SupTTA	0.014048531	0.340687865	71.4	0	36	1	-30.9	0
NC_000079.6.tRNA1525-LeuTAA	0.019157088	0.367096194	79	2	28	4	-29.4	0
NC_000079.6.tRNA1524-IleAAT	0.020671835	0.355932203	81.2	2	14	11	-25.5	1
NC_000079.6.tRNA104-ThrAGT	0.028423773	0.860403863	80.4	2	7	9	-27	1
NC_000079.6.tRNA1523-IleAAT	0.034883721	0.806451613	81.2	1	11	11	-25.5	1
NC_000079.6.tRNA1522-PheGAA	0.019404916	0.357507661	87.9	1	8	7	-21.9	1
NC_000079.6.tRNA1521-IleTAT	0.035264484	0.46486356	73.1	0	2	5	-33.3	1
NC_000079.6.tRNA105-iMetCAT	0.018134715	0.45751634	52.6	4	7	17	-20.1	1
NC_000079.6.tRNA106-LysTTT	0.019404916	0.641666667	86.8	4	12	13	-26	1
NC_000079.6.tRNA107-AspGTC	0.029792746	0.79611249	66.5	6	16	16	-26.4	1
NC_000079.6.tRNA108-LeuCAA	0.029776675	0.544554455	75.1	7	7	4	-40.7	1
NC_000079.6.tRNA1519-ArgTCT	0.021628499	0.471380471	70.7	7	6	5	-29.8	1
NC_000079.6.tRNA109-SerAGA	0.040920716	0.839646465	89.6	6	10	8	-32.8	1
NC_000079.6.tRNA110-GlnCTG	0.015544041	0.394144144	73.6	6	9	10	-24.5	1
NC_000079.6.tRNA1518-SerTGA	0.028132992	0.531914894	90.4	7	1	3	-32.8	1
NC_000079.6.tRNA111-SerAGA	0.019181586	0.068159688	89.6	7	113	8	-32.8	0
NC_000079.6.tRNA1517-iMetCAT	0.024611399	0.632911392	60.4	7	6	17	-26.1	0
NC_000079.6.tRNA1516-GlnCTG	0.029792746	0.540730337	71.5	7	6	10	-24.7	1
NC_000079.6.tRNA1515-AspGTC	0.018134715	0.511695906	66.5	6	12	16	-26.4	0
NC_000079.6.tRNA1514-SerAGA	0.031969309	0.606262492	90.3	6	4	8	-32.8	1
NC_000079.6.tRNA1513-AspGTC	0.025906736	0.695940348	66.5	5	11	16	-26.4	1
NC_000079.6.tRNA1512-SerAGA	0.02685422	0.400326797	89.6	5	5	8	-32.8	1
NC_000079.6.tRNA112-LysTTT	0.007761966	0.07918552	82.7	1	44	13	-25.7	0
NC_000079.6.tRNA113-iMetCAT	0.028497409	0.878514056	60.4	1	7	17	-26.1	1
NC_000079.6.tRNA1510-SerGCT	0.02685422	0.721947195	91	1	8	7	-30.1	1
NC_000079.6.tRNA1509-GlnCTG	0.022020725	0.476406534	60.3	1	5	10	-19.1	1
NC_000079.6.tRNA1508-ValAAC	0.028460543	0.544444444	78.1	2	7	8	-24.8	1
NC_000079.6.tRNA1507-ArgACG	0.021992238	0.353535354	64.2	5	10	6	-23.1	1
NC_000079.6.tRNA1506-SerCGA	0.024296675	0.340798442	90.1	5	63	3	-28.5	1
NC_000079.6.tRNA114-ValCAC	0.040103493	0.793265339	79.4	4	7	10	-24.7	1
NC_000079.6.tRNA115-IleAAT	0.041343669	0.914554481	81.2	4	10	11	-25.5	1
NC_000079.6.tRNA1505-ThrAGT	0.012919897	0.095471904	81.9	4	7	9	-26.1	0
NC_000079.6.tRNA1504-SerGCT	0.04859335	0.81932326	88.4	0	9	7	-30.7	1
NC_000079.6.tRNA1502-IleTAT	0.043969849	0.676290066	73	0	3	5	-33.3	1
NC_000079.6.tRNA116-ValAAC	0.029754204	0.374847001	79.1	1	4	8	-26.9	1
NC_000079.6.tRNA117-AlaAGC	0.033635188	0.732775029	59.3	1	1	13	-30.5	1
NC_000079.6.tRNA118-ValAAC	0.027166882	0.420817588	78.4	3	9	8	-25.4	1
NC_000079.6.tRNA119-AlaAGC	0.032341527	0.5687974	59.3	4	123	13	-30.5	1
NC_000079.6.tRNA120-ValCAC	0.032341527	0.597014925	78.7	4	15	10	-26.4	1
NC_000079.6.tRNA121-ValCAC	0.023285899	0.372869318	79.1	5	6	10	-26.9	1
NC_000079.6.tRNA1501-IleAAT	0.032299742	1.035721835	81.2	4	6	11	-25.5	1
NC_000079.6.tRNA122-MetCAT	0.023285899	0.214680025	76.9	2	1	17	-24.3	1
NC_000079.6.tRNA123-IleAAT	0.032299742	0.990853659	78.5	2	6	11	-23.2	1
NC_000079.6.tRNA1499-AlaAGC	0.02457956	0.972222222	59.3	2	4	13	-30.5	1
NC_000079.6.tRNA1498-ValAAC	0.027166882	0.283343453	78.7	2	0	8	-26.4	1
NC_000079.6.tRNA1497-ValCAC	0.04915912	0.979381443	58.2	2	132	10	-12	1
NC_000079.6.tRNA1496-AlaAGC	0.033635188	0.777489819	52.7	2	98	13	-24.5	1
NC_000079.6.tRNA1495-ValAAC	0.025873221	0.302506482	79.1	2	7	8	-26.9	1
NC_000079.6.tRNA1494-TyrGTA	0.022813688	0.136986301	78	5	6	10	-27.7	1
NC_000079.6.tRNA125-TyrGTA	0.013959391	0.1913614	78	6	6	10	-30.3	1
NC_000079.6.tRNA1493-TyrGTA	0.025445293	0.348883573	78.1	7	6	10	-25	1
NC_000079.6.tRNA1492-TyrGTA	0.020278834	0.331021438	66.4	9	8	10	-22.1	1
NC_000079.6.tRNA126-AlaAGC	0.02457956	0.154457193	58.9	9	1	13	-29.6	1
NC_000079.6.tRNA1491-TyrGTA	0.039340102	0.435865504	78	9	7	10	-28.3	1
NC_000079.6.tRNA127-LysCTT	0.018111255	0.198075835	87.8	9	9	19	-28	0
NC_000079.6.tRNA1490-ProAGG	0.027202073	0.912884716	70.2	9	3	6	-29.5	1
NC_000079.6.tRNA1489-IleAAT	0.032299742	0.883838384	81.2	8	7	11	-25.5	1
NC_000079.6.tRNA1488-AlaCGC	0.020725389	0.310146212	79.7	8	5	10	-26.5	1
NC_000079.6.tRNA1487-ValCAC	0.056921087	0.684931507	79.4	7	12	10	-24.7	1
NC_000079.6.tRNA1486-ArgACG	0.025873221	0.443937088	67.6	6	13	6	-25.4	1
NC_000079.6.tRNA128-ThrAGT	0.025839793	0.582750583	81.4	3	0	9	-27	1
NC_000079.6.tRNA1485-LeuCAG	0.034482759	0.709459459	78.2	3	9	10	-35.7	1
NC_000079.6.tRNA129-GluTTC	0.012953368	0.340136054	71.2	1	8	8	-26.7	1
NC_000079.6.tRNA130-TyrGTA	0.016455696	0.262762763	77.9	1	6	10	-29.6	0
NC_000079.6.tRNA131-TrpCCA	0.033678756	0.578703704	73.3	5	3	8	-25.1	1
NC_000079.6.tRNA132-iMetCAT	0.016839378	0.491573034	60.4	5	4	17	-26.1	0
NC_000079.6.tRNA1484-ArgACG	0.01164295	0.140901771	67.6	5	4	6	-25.4	0
NC_000079.6.tRNA1483-SerAGA	0.019181586	0.53030303	89.6	5	8	8	-32.8	1
NC_000079.6.tRNA1482-ArgTCG	0.016817594	0.334208642	65.5	5	11	5	-23.7	0
NC_000079.6.tRNA133-TrpCCA	0.025906736	0.466355763	73.3	5	4	8	-25.1	1
NC_000079.6.tRNA134-GlyGCC	0.02464332	0.507246377	81	6	9	13	-26.4	1
NC_000079.6.tRNA135-iMetCAT	0.027202073	0.723805147	60.4	6	7	17	-26.1	1
NC_000079.6.tRNA136-SerTGA	0.033248082	0.723306544	90.4	6	8	3	-32.8	1
NC_000079.6.tRNA137-GlnTTG	0.018134715	0.396151669	66.9	6	7	6	-22	1
NC_000079.6.tRNA138-GlnTTG	0.022020725	0.897435897	66.9	6	7	6	-22	1
NC_000079.6.tRNA139-SerGCT	0.028132992	0.479452055	88.4	7	32	7	-30.7	1
NC_000079.6.tRNA1481-ArgTCG	0.034928849	0.621890547	64.3	7	6	5	-23.7	1
NC_000079.6.tRNA1480-iMetCAT	0.024611399	0.715583826	60.4	2	7	17	-26.1	1
NC_000080.6.tRNA290-LeuAAG	0.042199488	0.742424242	74.8	2	6	5	-30.7	1
NC_000080.6.tRNA1081-ProAGG	0.059585492	0.92999489	70.2	2	3	6	-29.5	1
NC_000080.6.tRNA1080-ThrTGT	0.069857697	0.921168066	78.8	2	8	4	-29.7	1
NC_000080.6.tRNA1079-LeuTAG	0.038363171	0.633248191	74.5	3	3	3	-31.8	1
NC_000080.6.tRNA292-ThrTGT	0.032341527	0.345849802	78	3	14	4	-30.4	1
NC_000080.6.tRNA293-TyrGTA	0.04556962	0.702408257	75.4	3	10	10	-29.7	1
NC_000080.6.tRNA294-ProTGG	0.033678756	0.641697224	70.3	3	5	7	-29.5	1
NC_000080.6.tRNA331-ArgACG	0.040103493	0.765635876	67.6	0	62	6	-25.4	1
NC_000080.6.tRNA970-ThrAGT	0.014211886	0.143756846	75.6	0	351	9	-25.3	0
NC_000080.6.tRNA542-GluTTC	0.042746114	0.579710145	71.2	0	10	8	-26.7	1
NC_000080.6.tRNA557-GluTTC	0.111398964	0.997150997	70.4	0	9	8	-24.8	1
NC_000080.6.tRNA719-PheGAA	0.067270375	0.806097828	88.9	0	6	7	-21.9	1
NC_000081.6.tRNA1526-AsnGTT	0.014211886	0.224358974	61	0	15	13	-22.5	0
NC_000081.6.tRNA1375-MetCAT	0.055627426	0.625798212	82.3	0	6	17	-25	1
NC_000081.6.tRNA1319-iMetCAT	0.025906736	0.112504018	53.1	0	351	17	-22.4	0
NC_000081.6.tRNA550-MetCAT	0.010349288	0.166310287	67.8	0	351	17	-19.7	0
NC_000082.6.tRNA3-LysTTT	0.003880983	0.051546392	54	0	8	13	-20.6	0
NC_000082.6.tRNA90-ThrCGT	0.075129534	1.013513514	79.6	0	26	4	-27	1
NC_000082.6.tRNA122-LysCTT	0.007761966	0.252525253	56.1	0	223	19	-14.6	0
NC_000082.6.tRNA440-LysCTT	0.01164295	0.153846154	52	0	213	19	-24.6	0
NC_000082.6.tRNA532-IleAAT	0.012919897	0.416294975	66.9	0	143	11	-23.8	0
NC_000083.6.tRNA130-ProCGG	0.034974093	0.397677061	70.2	6	24	3	-29.5	1
NC_000083.6.tRNA1623-ProTGG	0.051813472	0.880060347	70.3	4	2	7	-29.5	1
NC_000083.6.tRNA131-LysCTT	0.032341527	0.658823529	87.8	4	5	19	-28	1
NC_000083.6.tRNA1622-ArgCCT	0.040103493	0.923611111	71.7	4	8	5	-30.6	1
NC_000083.6.tRNA1621-ArgCCG	0.029754204	0.399657436	64.1	4	14	3	-26.3	1
NC_000083.6.tRNA174-GlyCCC	0.055771725	0.732026144	75.1	0	5	6	-31.4	1
NC_000083.6.tRNA1162-GluCTC	0.024611399	0.326797386	67.9	0	351	11	-22.9	0
NC_000083.6.tRNA703-CysGCA	0.028497409	0.509518477	81.8	0	8	54	-24.6	1
NC_000083.6.tRNA803-IleTAT	0.087011349	0.925812008	73.2	0	6	5	-30.2	1
NC_000085.6.tRNA10-AlaAGC	0.038809832	0.876906318	54.6	0	8	13	-27.7	1
NC_000085.6.tRNA1108-SerGCT	0.05370844	0.813295615	89.1	0	6	7	-30.7	1
NC_000085.6.tRNA172-PheGAA	0.023285899	0.553447185	88.9	7	4	7	-21.9	1
NC_000085.6.tRNA173-LysTTT	0.038809832	0.525	87.8	7	6	13	-27.5	1
NC_000085.6.tRNA174-PheGAA	0.018111255	0.466666667	87.2	7	3	7	-20.4	1
NC_000085.6.tRNA987-LysTTT	0.021992238	0.649867374	87.8	7	7	13	-27.5	1
NC_000085.6.tRNA986-LeuTAA	0.034482759	0.873015873	86.4	7	6	4	-28.2	1
NC_000085.6.tRNA985-ArgTCT	0.050890585	0.865033312	70.3	7	1	5	-30.4	1
NC_000085.6.tRNA175-ValTAC	0.04915912	0.799695354	80.5	7	17	3	-23.6	1
NC_000085.6.tRNA176-ValTAC	0.038809832	1.012926876	80.5	7	7	3	-23.6	1
NC_000068.7.tRNA3015-AsnGTT	0.024547804	0.249287749	80.9	0	7	13	-26.4	1
NC_000068.7.tRNA412-AlaCGC	0.046632124	0.688374126	74.4	1	16	10	-27.6	1
NC_000068.7.tRNA2690-GlyGCC	0.028534371	0.433884298	81	1	6	13	-26.4	1
NC_000068.7.tRNA2489-LysCTT	0.002574003	0	51.2	0	31	19	-8.7	0
NC_000068.7.tRNA794-AspGTC	0.019430052	0.23923445	52.2	0	12	16	-21	0
NC_000068.7.tRNA2328-SerGCT	0.038363171	0.927397986	89.7	0	8	7	-30.4	1
NC_000068.7.tRNA2206-HisGTG	0.054404145	0.533130236	60.1	2	35	10	-25.5	1
NC_000068.7.tRNA2205-HisGTG	0.050518135	0.812164143	60.1	2	33	10	-25.5	1
NC_000068.7.tRNA915-HisGTG	0.046632124	0.716845878	60.1	2	30	10	-25.5	1
NC_000069.6.tRNA1-LysCTT	0.006468305	0.163857678	51.7	0	8	19	-23.4	0
NC_000069.6.tRNA2-LysCTT	0.010349288	0.216718266	66.7	0	8	19	-19.7	0
NC_000069.6.tRNA1648-ArgACG	0.041397154	0.761105934	67.5	3	3	6	-23.7	1
NC_000069.6.tRNA36-TyrGTA	0.076923077	0.819088319	72.5	3	10	10	-32.4	1
NC_000069.6.tRNA37-TyrGTA	0.063371356	1.098901099	75.5	3	12	10	-30.3	1
NC_000069.6.tRNA38-AlaAGC	0.059508409	1.025252525	59.7	3	7	13	-32	1
NC_000069.6.tRNA1632-LeuCAG	0.011494253	0.087456272	60.3	0	9	10	-31.4	0
NC_000069.6.tRNA72-ValAAC	0.031047865	0.547730829	79.4	0	4	8	-24.7	1
NC_000069.6.tRNA148-ProTGG	0.029792746	0.460299194	70.3	1	6	7	-29.5	1
NC_000069.6.tRNA149-ProAGG	0.04015544	0.614439324	70.2	1	2	6	-29.5	1
NC_000069.6.tRNA1488-ValCAC	0.005181347	0.097222222	55.4	0	11	10	-21.3	0
NC_000069.6.tRNA1404-GlyGCC	0.032425422	0.435986159	81	0	8	13	-26.4	1
NC_000069.6.tRNA1272-iMetCAT	0.041450777	0.777232352	60.4	0	12	17	-26.1	1
NC_000069.6.tRNA460-AsnGTT	0.032299742	0.367213115	80.8	0	9	13	-26.4	1
NC_000069.6.tRNA461-ValCAC	0.033635188	0.496453901	79.4	3	7	10	-24.7	1
NC_000069.6.tRNA1206-AsnGTT	0.041343669	0.372340426	81.6	3	54	13	-27.9	1
NC_000069.6.tRNA462-AsnGTT	0.031007752	0.555555556	55.5	3	12	13	-18.5	1
NC_000069.6.tRNA1205-GlnCTG	0.024611399	0.23923445	71.1	5	27	10	-24.2	1
NC_000069.6.tRNA1201-GlnCTG	0.015544041	0.266971777	71.1	1	15	10	-24.2	1
NC_000069.6.tRNA467-AsnGTT	0.054263566	0.946425553	80.9	2	4	13	-26.4	1
NC_000069.6.tRNA469-HisGTG	0.046632124	0.653594771	60.1	1	23	10	-25.5	1
NC_000069.6.tRNA1200-GlyCCC	0.016861219	0.282258065	75.9	1	8	6	-24.5	0
NC_000069.6.tRNA470-LysCTT	0.01164295	0.198375213	87.8	2	5	19	-28	1
NC_000069.6.tRNA471-HisGTG	0.04015544	0.669642857	55.5	1	15	10	-25.5	1
NC_000069.6.tRNA1197-HisGTG	0.038860104	0.603229318	60.3	2	24	10	-24.7	1
NC_000069.6.tRNA475-GlnCTG	0.014248705	0.200152497	71.1	0	28	10	-24.2	0
NC_000069.6.tRNA476-AsnGTT	0.029715762	0.585984214	80.9	4	5	13	-26.4	1
NC_000069.6.tRNA1196-LysCTT	0.034928849	0.634797254	87.8	4	5	19	-28	1
NC_000069.6.tRNA1195-HisGTG	0.045336788	0.50872093	60.1	4	25	10	-25.5	1
NC_000069.6.tRNA1194-GlyTCC	0.028497409	0.673076923	73.8	4	10	7	-25.1	1
NC_000069.6.tRNA1193-GluCTC	0.03626943	0.852272727	73.2	4	5	11	-26.4	1
NC_000069.6.tRNA485-GluCTC	0.023316062	0.385802469	73.2	0	6	11	-26.4	1
NC_000069.6.tRNA491-GlnCTG	0.045336788	0.730784288	71.1	0	25	10	-24.2	1
NC_000069.6.tRNA1019-ArgTCT	0.087898089	0.973913043	71.1	0	5	5	-30.7	1
NC_000070.6.tRNA23-SerAGA	0.069053708	0.377765785	89.6	0	10	8	-32.8	1
NC_000070.6.tRNA87-IleAAT	0.009043928	0.225442834	80.3	0	188	11	-24.5	0
NC_000070.6.tRNA96-GlyCCC	0.018158236	0	68.3	0	8	6	-20.1	0
NC_000070.6.tRNA2594-HisGTG	0.028497409	0.473805334	60.1	0	14	10	-25.5	1
NC_000070.6.tRNA948-AlaCGC	0.012953368	0.291666667	58.7	0	6	10	-17.2	0
NC_000070.6.tRNA979-AlaAGC	0.022020725	0.38594833	57.5	0	0	13	-18.2	1
NC_000070.6.tRNA1820-ValAAC	0.024611399	0.252252252	68.9	0	351	8	-15.2	0
NC_000071.6.tRNA170-TyrGTA	0.044359949	0.912430383	77.9	1	13	10	-26.9	1
NC_000071.6.tRNA171-AlaAGC	0.047865459	0.548374461	59.7	1	5	13	-32	1
NC_000071.6.tRNA2493-LysCTT	0.005174644	0.262828536	65.8	0	351	19	-23	0
NC_000071.6.tRNA2466-AspGTC	0.019430052	0.27184466	51.4	0	351	16	-14.7	0
NC_000071.6.tRNA2381-MetCAT	0.012936611	0.127830533	53.1	0	7	17	-11.7	0
NC_000071.6.tRNA2029-AlaTGC	0.028497409	0.649350649	79.7	4	3	11	-26.5	1
NC_000071.6.tRNA2028-AspGTC	0.041450777	0.846153846	66.5	4	11	16	-26.4	1
NC_000071.6.tRNA2027-PheGAA	0.038809832	0.680272109	88.9	4	8	7	-21.9	1
NC_000071.6.tRNA2026-AspGTC	0.033678756	0.515843773	66.5	4	11	16	-26.4	1
NC_000071.6.tRNA1075-AlaTGC	0.023316062	0.600686499	78.7	4	2	11	-26.5	1
NC_000071.6.tRNA1608-AsnGTT	0.062015504	0.878844947	80.9	0	10	13	-26.4	1
NC_000072.6.tRNA18-ValCAC	0.018111255	0	78.7	0	232	10	-23.2	0
NC_000072.6.tRNA74-ProAGG	0.016839378	0.088888889	70.2	0	9	6	-29.5	1
NC_000072.6.tRNA174-ArgCCT	0.042690815	0.859247136	65.6	0	5	5	-27.2	1
NC_000072.6.tRNA244-CysGCA	0.009067358	0.093482906	81.9	0	26	54	-26.1	0
NC_000072.6.tRNA249-CysGCA	0.001295337	0.050724638	77.2	2	62	54	-24.6	0
NC_000072.6.tRNA1603-CysGCA	0.006476684	0.194660734	67.5	3	13	54	-21.7	0
NC_000072.6.tRNA250-CysGCA	0.00388601	0.038525041	69.4	3	12	54	-18	0
NC_000072.6.tRNA251-CysGCA	0.002590674	0.037715517	77.2	4	12	54	-24.6	0
NC_000072.6.tRNA252-CysGCA	0.006476684	0.074499787	77.2	3	12	54	-24.6	0
NC_000072.6.tRNA254-CysGCA	0	0	77.2	3	11	54	-24.6	0
NC_000072.6.tRNA255-CysGCA	0.001295337	0	65.2	0	11	54	-23.9	0
NC_000072.6.tRNA256-CysGCA	0.009067358	0.107493857	77.2	1	12	54	-24.6	0
NC_000072.6.tRNA258-CysGCA	0	0	57.3	3	12	54	-20.4	0
NC_000072.6.tRNA1599-CysGCA	0.00388601	0.063051702	77.2	2	2	54	-24.6	0
NC_000072.6.tRNA1598-CysGCA	0.002590674	0	77.3	2	2	54	-26.1	0
NC_000072.6.tRNA1596-CysGCA	0	0	77.2	1	11	54	-24.6	0
NC_000072.6.tRNA1595-CysGCA	0.006476684	0.056680162	77.1	1	3	54	-25.1	0
NC_000072.6.tRNA1594-CysGCA	0.002590674	0.071457738	77.2	2	12	54	-24.6	0
NC_000072.6.tRNA1593-CysGCA	0.001295337	0.054390054	77.2	3	12	54	-24.6	0
NC_000072.6.tRNA1592-CysGCA	0	0	72.6	3	12	54	-16.6	0
NC_000072.6.tRNA1591-CysGCA	0	0	77.2	3	10	54	-24.6	0
NC_000072.6.tRNA1590-CysGCA	0.001295337	0	77.2	3	11	54	-24.6	0
NC_000072.6.tRNA259-CysGCA	0.001295337	0.041846007	77.2	3	11	54	-24.6	0
NC_000072.6.tRNA260-CysGCA	0.00388601	0.098204265	77.2	3	227	54	-24.6	0
NC_000072.6.tRNA1588-CysGCA	0.006476684	0.171128224	77.2	3	12	54	-24.6	0
NC_000072.6.tRNA1587-CysGCA	0.009067358	0.448717949	68.7	3	10	54	-21.8	0
NC_000072.6.tRNA1586-CysGCA	0	0	78.7	4	12	54	-24.6	0
NC_000072.6.tRNA261-CysGCA	0.00388601	0.109375	77.2	6	12	54	-24.6	0
NC_000072.6.tRNA1585-CysGCA	0.006476684	0.078369906	77.2	6	11	54	-24.6	0
NC_000072.6.tRNA262-CysGCA	0.002590674	0.054542621	59.6	8	351	54	-18.7	0
NC_000072.6.tRNA263-CysGCA	0.00388601	0.17641129	72.8	8	13	54	-23.7	0
NC_000072.6.tRNA1584-CysGCA	0.001295337	0.050417747	63.5	8	13	54	-20.8	0
NC_000072.6.tRNA1583-CysGCA	0.005181347	0.050028588	66.5	8	20	54	-17.4	0
NC_000072.6.tRNA1582-CysGCA	0.002590674	0.082236842	77.2	7	12	54	-24.6	0
NC_000072.6.tRNA264-CysGCA	0.00388601	0.054988217	67.8	7	12	54	-20.9	0
NC_000072.6.tRNA1581-CysGCA	0.002590674	0.04042504	77.2	6	12	54	-24.6	0
NC_000072.6.tRNA266-CysGCA	0.00388601	0.179303279	77.2	4	13	54	-24.6	0
NC_000072.6.tRNA1580-CysGCA	0.016839378	0	77.2	4	13	54	-24.6	0
NC_000072.6.tRNA1579-CysGCA	0.00388601	0.050798258	77.2	4	20	54	-24.6	0
NC_000072.6.tRNA1578-CysGCA	0.005181347	0.078055308	77.2	4	9	54	-24.6	0
NC_000072.6.tRNA267-CysGCA	0	0	69.8	5	351	54	-23.4	0
NC_000072.6.tRNA268-CysGCA	0.010362694	0.117469374	60.7	5	3	54	-19.7	0
NC_000072.6.tRNA1577-CysGCA	0.002590674	0.110479798	77.2	5	13	54	-24.6	0
NC_000072.6.tRNA1575-CysGCA	0.002590674	0.082644628	77.2	4	12	54	-24.6	0
NC_000072.6.tRNA269-CysGCA	0.002590674	0.052766471	77.2	4	351	54	-24.6	0
NC_000072.6.tRNA270-CysGCA	0.002590674	0.062056738	66.7	4	13	54	-22.1	0
NC_000072.6.tRNA1574-CysGCA	0.002590674	0.097222222	77.2	3	221	54	-24.6	0
NC_000072.6.tRNA477-GlyCCC	0.046692607	0.913043478	75.1	0	4	6	-31.4	1
NC_000073.6.tRNA147-SeCTCA	0.025412961	0.671600877	146.4	0	15	2	-34.7	1
NC_000073.6.tRNA259-IleTAT	0.051572327	0.875788209	73.7	0	4	5	-32.7	1
NC_000073.6.tRNA2081-LysTTT	0.006468305	0.105517033	86.8	0	12	13	-26	0
NC_000073.6.tRNA1982-ThrAGT	0.054263566	0.781914894	82.6	0	10	9	-27.3	1
NC_000073.6.tRNA545-GluTTC	0.031088083	0.607638889	71.2	0	7	8	-26.7	1
NC_000073.6.tRNA629-ArgTCG	0.090556274	1.047191622	74.8	0	12	5	-29.2	1
NC_000073.6.tRNA725-ProTGG	0.055699482	0.646898104	70.5	1	3	7	-28.9	1
NC_000073.6.tRNA1613-ProAGG	0.062176166	0.762992675	70.2	1	5	6	-29.5	1
NC_000073.6.tRNA1598-GluCTC	0.005181347	0.165955429	51.6	0	351	11	-16.6	0
NC_000073.6.tRNA1422-LeuTAG	0.039641944	0.627521291	73.9	0	10	3	-30.8	1
NC_000073.6.tRNA917-LeuAAG	0.078005115	0.694444444	72.5	0	8	5	-28.8	1
NC_000074.6.tRNA261-LeuCAG	0.014048531	0.276199495	70.6	0	64	10	-30.7	0
NC_000074.6.tRNA653-LeuCAG	0.037037037	0.698138298	77.3	1	9	10	-32.8	1
NC_000074.6.tRNA1522-LeuCAG	0.042145594	0.815850816	77.3	1	8	10	-32.8	1
NC_000074.6.tRNA1337-GlyGCC	0.016861219	0.155193438	81	1	10	13	-26.4	0
NC_000074.6.tRNA1336-GlyGCC	0.014267185	0.104540024	81	1	7	13	-26.4	0
NC_000074.6.tRNA854-GlyGCC	0.033722438	0.531338105	72.7	0	8	13	-26.4	1
NC_000074.6.tRNA1196-MetCAT	0.047865459	0.487601003	82.3	0	10	17	-25	1
NC_000075.6.tRNA2365-LysCTT	0.015523933	0.131282821	61	0	306	19	-12.9	0
NC_000075.6.tRNA550-GlnCTG	0.029792746	0.671717172	71.5	0	6	10	-24.7	1
NC_000075.6.tRNA1583-LysCTT	0.03622251	0.688853104	88	0	6	19	-30.1	1
NC_000075.6.tRNA926-CysGCA	0.009067358	0.274187231	77.2	2	12	54	-24.6	0
NC_000075.6.tRNA927-CysGCA	0.005181347	0.133485889	81.8	2	9	54	-24.6	0
NC_000075.6.tRNA1462-GluTTC	0.023316062	0.441919192	71.2	2	227	8	-26.7	1
NC_000075.6.tRNA1202-ArgACG	0.069857697	0.932601881	64.2	0	12	6	-23.1	1
NC_000086.7.tRNA1530-GlnTTG	0.03238342	0.703581871	57.7	0	29	6	-27.6	0
NC_000086.7.tRNA1525-ProTGG	0.00388601	0	55.7	0	6	7	-23.2	0
NC_000086.7.tRNA1043-LysCTT	0.020698577	0.261714855	86.4	0	6	19	-28.5	0
NC_000086.7.tRNA601-AlaTGC	0.010362694	0.300343249	71.9	0	4	11	-25.3	0
NC_000086.7.tRNA602-AlaCGC	0.010362694	0.147058824	63.6	0	4	10	-23.1	0
NC_000086.7.tRNA604-AlaTGC	0.019430052	0.574308486	73.8	1	4	11	-27.5	0
NC_000086.7.tRNA606-AlaTGC	0.019430052	0.493421053	73.8	2	4	11	-27.5	0
NC_000086.7.tRNA607-AlaCGC	0.015544041	0.2734375	64.5	2	4	10	-27.4	0
NC_000086.7.tRNA1036-AlaTGC	0.009067358	0.233333333	72.9	0	12	11	-25.3	0
NC_000086.7.tRNA609-AlaTGC	0.009067358	0.240494732	72.9	0	12	11	-25.3	0
NC_000086.7.tRNA1035-AlaCGC	0.011658031	0.234270415	56.6	2	4	10	-22.5	0
NC_000086.7.tRNA610-AlaTGC	0.014248705	0.347567031	73.8	2	3	11	-27.5	0
NC_000086.7.tRNA611-AlaCGC	0.012936611	0.234741784	57.4	2	4	10	-20.2	0
NC_000086.7.tRNA613-AlaTGC	0.012953368	0.254175744	69.9	0	5	11	-27.4	1
NC_000086.7.tRNA765-ValTAC	0.047865459	0.637339467	80.5	0	21	3	-23.6	1
NC_000086.7.tRNA769-LeuTAA	0.008939974	0.194805195	55.3	0	36	4	-24.3	0
NC_000086.7.tRNA820-SerAGA	0.003836317	0.104884627	56.6	0	13	8	-20.6	0