tRNA	CpGDensity	ObsExpUp	GenBit	tRNA10kb	TTTT	Codon	MFE	
tRNA-Gly-CCC-1-2	0.031128405	0.813743219	78.3	0	8	5	-26.4	0
tRNA-Glu-TTC-3-1	0.073834197	0.68264933	71.6	0	3	7	-28.9	1
tRNA-Asn-GTT-4-1	0.052971576	0.753435999	77.7	0	11	24	-26.4	1
tRNA-Lys-CTT-7-1	0.006468305	0	64.8	0	251	15	-16.2	0
tRNA-Cys-GCA-7-1	0.012936611	0.388403385	77.8	0	9	29	-26.6	0
tRNA-Arg-TCT-1-1	0.094267516	0.952380952	71.1	0	6	6	-30.7	1
tRNA-Val-CAC-5-1	0.043984476	0.730519481	79.4	0	4	13	-24.7	1
tRNA-Gln-CTG-4-2	0.041450777	0.368421053	71.9	0	29	13	-24.7	0
tRNA-Asn-GTT-6-1	0.047803618	0.721649485	73.8	0	11	24	-23.8	1
tRNA-Val-CAC-4-1	0.041397154	0.719294004	72.2	0	4	13	-22.5	1
tRNA-Asn-GTT-3-1	0.059431525	0.855614973	79.7	0	11	24	-26.2	1
tRNA-Asn-GTT-10-1	0.021963824	0.263554217	62.7	0	9	24	-18.7	1
tRNA-Glu-CTC-1-1	0.045336788	0.678031771	73.2	3	14	8	-26.4	1
tRNA-Gly-TCC-2-1	0.023316062	0.402645959	73.8	3	7	9	-25.1	1
tRNA-His-GTG-1-1	0.062176166	0.792482735	60.1	3	27	9	-25.5	1
tRNA-Lys-CTT-2-1	0.045278137	0.647634153	87.8	3	5	15	-28	1
tRNA-His-GTG-1-2	0.038860104	0.52643758	60.1	0	31	9	-25.5	1
tRNA-Gln-CTG-4-1	0.038860104	0.241046832	71.9	0	29	13	-24.7	1
tRNA-Gln-CTG-7-1	0.037564767	0.201845444	58.5	0	29	13	-19.5	0
tRNA-Asn-GTT-2-1	0.059431525	0.782514841	80.9	0	11	24	-26.4	1
tRNA-Asn-GTT-8-1	0.041343669	0.928381963	69.8	0	9	24	-22.6	1
tRNA-iMet-CAT-1-1	0.044041451	0.951086957	60.4	0	6	20	-26.1	1
tRNA-Arg-TCT-4-1	0.019379845	0.260610573	78.5	0	19	6	-27.7	1
tRNA-Val-CAC-1-1	0.076326003	0.702576112	79.4	0	12	13	-24.7	1
tRNA-Glu-TTC-4-2	0.044041451	0.63697318	68.7	1	6	7	-26.4	1
tRNA-Asn-GTT-2-2	0.023255814	0.396750425	80.9	1	7	24	-26.4	1
tRNA-Gly-TCC-4-1	0.10492228	0.967570441	56	7	11	9	-15.8	1
tRNA-Leu-CAG-1-1	0.121328225	1.069546891	78.2	8	8	9	-35.7	0
tRNA-Gly-GCC-4-1	0.033722438	0.434824159	69.4	1	13	14	-19.5	0
tRNA-Gly-GCC-2-1	0.04150454	0.659879336	81	2	6	14	-26.4	1
tRNA-Leu-CAG-1-6	0.035759898	0.823771698	78.2	3	7	9	-35.7	1
tRNA-Gly-TCC-2-6	0.060880829	0.96973572	73.8	3	4	9	-25.1	1
tRNA-Asn-GTT-1-1	0.050387597	0.68627451	81.5	2	9	24	-26.4	1
tRNA-Leu-CAA-6-1	0.038265306	0.880177515	57.5	0	7	7	-28.2	1
tRNA-Pro-CGG-1-1	0.07253886	0.850104094	70.2	1	4	4	-29.5	1
tRNA-Pro-AGG-2-1	0.03238342	0.703125	70.2	1	2	9	-29.5	1
tRNA-Lys-TTT-3-1	0.037516171	0.813743219	87.8	1	7	12	-27.5	1
tRNA-Lys-TTT-3-2	0.02457956	0.764343855	87.8	1	10	12	-27.5	1
tRNA-Thr-TGT-2-1	0.021992238	0.35596237	84.1	0	13	6	-29.1	1
tRNA-Leu-CAA-4-1	0.066997519	0.88562753	73.6	1	6	7	-43.4	1
tRNA-Glu-CTC-2-1	0.038860104	0.729709605	68.7	1	8	8	-21.9	1
tRNA-Val-TAC-3-1	0.019404916	0.334425334	80.7	0	15	5	-23.7	0
tRNA-Asn-GTT-2-3	0.072351421	0.563909774	80.9	0	8	24	-26.4	1
tRNA-Ser-TGA-1-1	0.060102302	1.07175666	94	0	16	4	-34.9	1
tRNA-Leu-CAA-5-1	0.016795866	0.135975136	66.5	0	49	7	-24	0
tRNA-Val-TAC-1-1	0.055627426	0.898972603	82.9	6	17	5	-23.6	1
tRNA-Val-TAC-2-1	0.043984476	0.799086758	80.5	6	16	5	-23.6	1
tRNA-Arg-TCT-3-2	0.040712468	0.896624473	70.3	6	1	6	-27.9	1
tRNA-Leu-TAA-3-1	0.030651341	0.882056452	85	6	11	4	-28.2	1
tRNA-Lys-TTT-5-1	0.034928849	0.737618546	84.9	7	7	12	-26.8	1
tRNA-Phe-GAA-1-3	0.047865459	0.826836759	88.9	7	4	10	-21.9	1
tRNA-Lys-TTT-3-4	0.040103493	0.881261596	87.8	7	5	12	-27.5	1
tRNA-Phe-GAA-2-1	0.032341527	0.560897436	87.9	3	9	10	-21.9	1
tRNA-Ser-GCT-3-1	0.078005115	1.161969344	89.1	0	6	8	-30.7	1
tRNA-Pro-AGG-2-4	0.075129534	0.831967213	70.2	1	3	9	-29.5	1
tRNA-Pro-TGG-2-1	0.069948187	0.7	70.5	1	3	7	-28.9	1
tRNA-Lys-TTT-2-1	0.016817594	0.4375	87.7	0	10	12	-26	1
tRNA-Lys-TTT-11-1	0.006468305	0.251753282	50.7	0	271	12	-16.3	0
tRNA-Ser-CGA-4-1	0.057544757	0.709313596	89.6	0	2	4	-29.8	1
tRNA-Asp-GTC-2-8	0.037564767	0.845864662	66.5	0	12	13	-26.4	1
tRNA-Asp-GTC-1-1	0.047927461	0.788954635	65.4	1	14	13	-26.4	1
tRNA-Trp-CCA-4-1	0.042746114	0.747863248	74.3	1	3	7	-25.1	1
tRNA-Ala-TGC-3-2	0.018134715	0.422705314	79.7	2	6	8	-26.5	1
tRNA-Asp-GTC-2-9	0.044041451	0.703581871	66.5	2	10	13	-26.4	1
tRNA-Phe-GAA-1-4	0.041397154	0.620127569	88.9	2	7	10	-21.9	1
tRNA-Asp-GTC-2-10	0.047927461	0.599858857	66.5	1	16	13	-26.4	1
tRNA-Ala-TGC-4-1	0.047927461	0.747635032	78.8	1	3	8	-25.8	1
tRNA-Asn-GTT-2-4	0.07881137	0.966680378	80.9	0	11	24	-26.4	1
tRNA-Glu-TTC-1-2	0.080310881	0.96641791	72.5	0	10	7	-25	1
tRNA-Glu-TTC-2-1	0.053108808	0.858951175	71.2	0	8	7	-26.7	1
tRNA-Phe-GAA-1-5	0.082794308	0.8203125	88.9	0	5	10	-21.9	1
tRNA-Pro-AGG-2-5	0.027202073	0.753935377	70.2	3	6	9	-29.5	1
tRNA-Leu-AAG-2-3	0.051150895	0.810185185	74.8	3	10	9	-32.4	1
tRNA-Pro-AGG-2-6	0.037564767	0.786713287	70.2	3	6	9	-29.5	1
tRNA-Thr-TGT-3-1	0.042690815	0.612082671	80	3	5	6	-29.4	1
tRNA-Leu-TAG-2-1	0.033248082	0.678426052	74.1	2	8	3	-30.9	1
tRNA-Thr-TGT-4-1	0.02457956	0.529100529	78.8	2	15	6	-29.7	1
tRNA-Pro-TGG-1-1	0.053108808	1.031079688	74.9	2	233	7	-29.5	1
tRNA-Tyr-GTA-5-3	0.035264484	0.693069307	75.3	3	12	13	-29.1	1
tRNA-Tyr-GTA-4-1	0.031486146	0.354251012	75.3	3	12	13	-33.8	1
tRNA-Tyr-GTA-7-1	0.037783375	0.540801545	74.3	3	12	13	-33.2	1
tRNA-Tyr-GTA-5-4	0.035264484	0.540123457	75.3	3	12	13	-33.1	1
tRNA-Thr-TGT-5-1	0.032341527	0.424242424	78	2	27	6	-30.4	1
tRNA-Tyr-GTA-5-5	0.060836502	0.700070007	75.5	2	10	13	-29.4	1
tRNA-Pro-TGG-3-2	0.04015544	0.33933518	70.3	2	12	7	-29.5	1
tRNA-Arg-ACG-1-3	0.043984476	0.776914539	67.6	0	32	7	-25.4	1
tRNA-Lys-CTT-1-1	0.027166882	1.014492754	88	0	11	15	-30.1	1
tRNA-Cys-GCA-8-1	0.016839378	0.29787234	77.3	0	9	29	-26.1	0
tRNA-Ala-AGC-15-1	0.019404916	0.468809797	56.7	0	59	26	-27.7	1
tRNA-Ile-AAT-5-4	0.065891473	0.810185185	81.2	0	7	15	-25.5	1
tRNA-Glu-TTC-2-2	0.047927461	0.685865213	71.2	0	14	7	-26.7	1
tRNA-Ser-GCT-4-2	0.037084399	0.910584691	88.4	0	14	8	-30.7	1
tRNA-His-GTG-1-7	0.047927461	0.67088365	60.1	2	34	9	-25.5	1
tRNA-His-GTG-1-8	0.044041451	0.561728395	60.1	2	33	9	-25.5	1
tRNA-His-GTG-1-9	0.044041451	0.713315217	60.1	2	30	9	-25.5	1
tRNA-Gln-CTG-1-4	0.042746114	0.711382114	71.5	0	7	13	-24.7	1
tRNA-Lys-CTT-1-2	0.032341527	0.748663102	88	0	6	15	-30.1	1
tRNA-Cys-GCA-5-1	0.012936611	0.362962963	78.7	0	9	29	-26.6	0
tRNA-Arg-TCG-1-1	0.084087969	0.913043478	74.8	0	19	6	-29.2	1
tRNA-Gly-CCC-2-2	0.089494163	0.872334533	75.1	0	5	5	-31.4	1
tRNA-Arg-CCG-1-3	0.076326003	0.731531532	67	3	14	4	-27.1	1
tRNA-Arg-CCT-3-1	0.042690815	0.776955603	71.7	3	13	5	-30.6	1
tRNA-Lys-CTT-3-1	0.062095731	0.846962617	83.1	4	5	15	-28	1
tRNA-Pro-TGG-3-3	0.085492228	0.738095238	70.3	4	2	7	-29.5	1
tRNA-Lys-CTT-8-1	0.02457956	0.379815518	57.8	3	4	15	-15.9	0
tRNA-Pro-CGG-1-2	0.055699482	0.560897436	70.2	3	13	4	-29.5	1
tRNA-Lys-CTT-2-5	0.043984476	0.632094943	87.8	4	5	15	-28	1
tRNA-Lys-CTT-5-1	0.032341527	0.648148148	69.3	6	4	15	-23.6	1
tRNA-Pro-AGG-2-7	0.059585492	0.735603195	70.2	7	2	9	-29.5	1
tRNA-Pro-TGG-3-4	0.058290155	0.753012048	70.3	8	2	7	-29.5	1
tRNA-Pro-TGG-3-5	0.053108808	0.780901383	70.3	7	2	7	-29.5	1
tRNA-Pro-AGG-2-8	0.055699482	0.688637482	70.2	7	3	9	-29.5	1
tRNA-Lys-CTT-4-1	0.045278137	0.65625	82.3	6	5	15	-27.1	1
tRNA-Pro-AGG-1-1	0.051813472	0.494350282	71.5	6	9	9	-29.5	1
tRNA-Arg-CCT-5-1	0.02457956	0.636777128	54.7	5	43	5	-29	0
tRNA-Thr-CGT-2-1	0.093264249	1.025641026	79.6	0	31	5	-27	1
tRNA-Leu-TAG-3-1	0.035805627	0.917832168	73.9	0	18	3	-30.8	1
tRNA-Leu-AAG-2-4	0.072890026	0.718283582	74.8	0	11	9	-32.4	1
tRNA-Leu-CAG-2-1	0.051085568	0.745738636	77.3	1	7	9	-32.8	1
tRNA-Leu-CAG-2-2	0.045977011	0.69541842	77.3	1	12	9	-32.8	1
tRNA-Gly-GCC-3-1	0.014267185	0.218295218	75	1	11	14	-26.4	0
tRNA-Gly-GCC-2-4	0.011673152	0	81	2	12	14	-26.4	0
tRNA-Gly-GCC-5-1	0.014267185	0.171568627	54.7	2	12	14	-16.1	0
tRNA-Gly-GCC-2-5	0.019455253	0.14747191	81	1	136	14	-26.4	0
tRNA-Met-CAT-2-1	0.050452781	0.660569106	82.7	0	4	20	-26.7	1
tRNA-Lys-TTT-1-1	0.019404916	0.165837479	89	0	11	12	-26	0
tRNA-Met-CAT-6-1	0.12160414	1.022718971	77.4	0	8	20	-25	1
tRNA-Lys-TTT-3-5	0.043984476	0.687285223	87.8	4	12	12	-27.5	1
tRNA-Gln-CTG-1-5	0.020725389	0.864197531	71.5	4	6	13	-24.7	1
tRNA-Leu-TAG-1-1	0.035805627	0.670865279	75.2	4	8	3	-33.3	1
tRNA-Arg-TCT-2-1	0.046954315	0.759689922	70.8	4	1	6	-28.1	1
tRNA-Gly-GCC-2-6	0.059662776	0.674969867	81	4	9	14	-26.4	1
tRNA-Ser-CGA-1-1	0.060102302	0.843942901	95.1	1	7	4	-34	1
tRNA-Thr-AGT-5-1	0.025839793	0.24884465	80.1	1	141	9	-27.3	1
tRNA-Trp-CCA-3-3	0.071243523	0.614316239	73.3	3	7	7	-25.1	1
tRNA-Ser-GCT-4-3	0.056265985	0.775978408	88.4	3	22	8	-30.7	1
tRNA-Thr-AGT-1-1	0.041343669	0.670840787	82.6	3	17	9	-27.3	1
tRNA-Ile-AAT-5-5	0.03875969	0.653872283	81.2	3	10	15	-25.5	1
tRNA-Trp-CCA-1-1	0.03238342	0.658823529	73.4	6	12	7	-24.5	1
tRNA-Gly-TCC-3-1	0.066062176	0.777777778	73.8	6	5	9	-25.1	1
tRNA-Asp-GTC-2-11	0.037564767	0.503476385	66.5	6	11	13	-26.4	1
tRNA-Pro-CGG-1-3	0.063471503	0.829777146	70.2	6	9	4	-29.5	1
tRNA-Thr-AGT-1-2	0.033591731	0.693693694	82.6	6	22	9	-27.3	1
tRNA-Ser-AGA-2-6	0.047314578	0.765306122	89.6	6	5	9	-32.8	1
tRNA-Ile-AAT-4-1	0.0374677	0.345394737	81.2	6	9	15	-25.5	1
tRNA-Trp-CCA-2-1	0.075129534	0.810560445	75.1	0	8	7	-25.1	1
tRNA-Gly-CCC-3-1	0.022049287	0.52687039	68.3	0	238	5	-19.7	0
tRNA-Thr-CGT-4-1	0.116580311	0.84213615	78.3	0	38	5	-27.3	1
tRNA-Asn-GTT-2-5	0.055555556	0.992626205	80.9	0	8	24	-26.4	1
tRNA-Cys-GCA-14-1	0.018134715	0.330625354	71.6	2	11	29	-26.1	0
tRNA-Cys-GCA-2-2	0.04015544	0.68753274	81.9	2	14	29	-26.1	1
tRNA-Cys-GCA-4-1	0.049222798	0.6771612	81.8	2	11	29	-23.9	1
tRNA-Cys-GCA-2-3	0.038860104	0.720658888	81.9	1	8	29	-26.1	1
tRNA-Cys-GCA-2-4	0.046632124	0.738396624	81.9	1	21	29	-26.1	1
tRNA-Gln-TTG-1-1	0.06865285	0.752977334	72.6	0	8	6	-27.1	1
tRNA-Arg-CCG-2-1	0.065976714	0.974443175	64.9	0	11	4	-29	1
tRNA-Arg-CCT-1-1	0.053040103	0.637206223	72.3	2	14	5	-32.1	1
tRNA-Arg-CCT-2-1	0.06080207	0.801898372	71.1	2	28	5	-32.1	1
tRNA-Arg-TCG-3-1	0.062095731	0.738526464	68.8	2	5	6	-25.9	1
tRNA-iMet-CAT-1-8	0.022020725	0.364246068	60.4	0	9	20	-26.1	1
tRNA-Phe-GAA-1-6	0.07373868	1.097178683	88.9	1	4	10	-21.9	1
tRNA-Asn-GTT-2-6	0.104651163	0.957127735	80.9	1	9	24	-26.4	1
tRNA-Gly-TCC-1-1	0.075129534	0.88858262	73.8	1	11	9	-25.1	1
tRNA-Val-CAC-3-1	0.041397154	0.607243548	79.2	1	9	13	-22.6	1
tRNA-Thr-AGT-1-3	0.089147287	0.823863636	82.6	0	25	9	-27.3	1
tRNA-Lys-CTT-10-1	0.020698577	0.392817059	54.8	0	61	15	-19.1	0
tRNA-Ile-TAT-1-1	0.051702396	0.801282051	73.8	0	1	5	-28	1
tRNA-SeC-TCA-1-1	0.04391468	0.802139037	146.9	0	34	2	-28.2	1
tRNA-Lys-CTT-11-1	0.014267185	0.092494715	56.6	0	251	15	-16	0
tRNA-Tyr-GTA-2-1	0.049429658	0.669856459	77.9	1	12	13	-28.7	1
tRNA-Ala-AGC-8-1	0.059508409	0.643382353	59.7	1	6	26	-32	1
tRNA-Ile-TAT-2-1	0.094577554	0.932684509	73.2	0	6	5	-30.2	1
tRNA-Gly-CCC-2-1	0.050583658	0.711864407	75.1	0	6	5	-31.4	1
tRNA-Glu-TTC-1-1	0.03238342	0.465806716	72.5	0	10	7	-25	1
tRNA-Ala-CGC-3-1	0.044041451	0.709769772	74.4	1	17	4	-27.6	1
tRNA-Gly-GCC-2-2	0.019455253	0.137470542	81	1	2	14	-26.4	1
tRNA-Tyr-ATA-1-1	0.017654477	0.252252252	57.6	0	11	1	-30.5	0
tRNA-Gly-GCC-1-5	0.032425422	0.349700257	80.9	0	13	14	-28.8	1
tRNA-SeC-TCA-2-1	0.03125	0.326112276	111.5	0	251	2	-18.4	0
tRNA-Arg-ACG-2-1	0.064683053	1.048234552	64.2	0	9	7	-23.1	1
tRNA-Cys-GCA-6-1	0.006476684	0.229458042	79.3	1	9	29	-23.8	0
tRNA-Cys-GCA-9-1	0	0	77.2	1	11	29	-24.6	0
tRNA-Val-AAC-1-1	0.034928849	0.606901335	79.4	0	14	10	-24.7	1
tRNA-Cys-GCA-2-1	0.029792746	0.180133814	81.9	0	13	29	-26.1	0
tRNA-Lys-CTT-9-1	0.006468305	0	58.2	0	170	15	-23.7	0
tRNA-Val-AAC-1-2	0.046571798	0.490196078	79.4	3	11	10	-24.7	1
tRNA-Val-AAC-1-3	0.050452781	0.548245614	79.4	3	11	10	-24.7	1
tRNA-Val-CAC-1-4	0.042690815	0.416336241	79.4	3	11	13	-24.7	1
tRNA-Leu-AAG-1-3	0.054987212	0.652472527	75.2	3	19	9	-33.3	1
tRNA-Leu-AAG-2-1	0.042199488	0.384087791	74.8	3	11	9	-32.4	1
tRNA-Val-AAC-2-1	0.054333765	0.621118012	79.4	3	10	10	-24.7	1
tRNA-Pro-TGG-3-1	0.049222798	0.705196182	70.3	3	2	7	-29.5	1
tRNA-Thr-TGT-6-1	0.089378238	1.014492754	75.7	3	9	6	-29.7	1
tRNA-Ala-TGC-3-1	0.041450777	0.597560976	79.7	1	6	8	-26.5	1
tRNA-Lys-CTT-2-2	0.037516171	0.860821759	87.8	1	11	15	-28	1
tRNA-Val-AAC-1-4	0.053040103	0.716112532	79.4	2	8	10	-24.7	1
tRNA-Lys-CTT-2-3	0.045278137	0.592359768	87.8	2	9	15	-28	1
tRNA-Val-CAC-1-5	0.067270375	0.774336283	79.4	2	2	13	-24.7	1
tRNA-Gln-CTG-1-1	0.014248705	0.363636364	71.5	0	323	13	-24.7	0
tRNA-iMet-CAT-1-2	0.023316062	0.523255814	60.4	0	5	20	-26.1	1
tRNA-Arg-TCG-4-1	0.029754204	0.848484848	66.8	1	11	6	-23.7	1
tRNA-Ser-GCT-6-1	0.026992288	0.186567164	71.6	5	27	8	-23.5	1
tRNA-Gln-TTG-3-1	0.024611399	0.624303233	66.9	5	7	6	-22	1
tRNA-Gln-TTG-3-2	0.024611399	0.57136194	66.9	5	7	6	-22	1
tRNA-Ser-TGA-3-1	0.025575448	0.39845173	89.7	5	6	4	-32.8	1
tRNA-iMet-CAT-1-3	0.033678756	0.722597598	60.4	6	14	20	-26.1	1
tRNA-Trp-CCA-3-1	0.024611399	0.479714912	73.3	7	12	7	-25.1	1
tRNA-Arg-TCG-2-1	0.034928849	0.855868815	70.3	6	27	6	-25.9	1
tRNA-Ser-AGA-2-1	0.02685422	0.571895425	89.6	5	8	9	-32.8	1
tRNA-Arg-ACG-1-1	0.023285899	0.692481628	67.6	5	62	7	-25.4	1
tRNA-iMet-CAT-1-4	0.019430052	0.681818182	60.4	4	7	20	-26.1	1
tRNA-Trp-CCA-3-2	0.03238342	0.714869281	73.3	4	4	7	-25.1	1
tRNA-Leu-CAG-1-7	0.060025543	0.782414307	78.2	0	8	9	-35.7	1
tRNA-Thr-AGT-2-1	0.031007752	0.609907891	81.4	2	7	9	-27	1
tRNA-Arg-ACG-1-2	0.050452781	0.851384223	67.6	2	15	7	-25.4	1
tRNA-Val-CAC-1-6	0.062095731	0.762195122	79.4	2	2	13	-24.7	1
tRNA-Ala-CGC-1-1	0.020725389	0.541237113	79.7	3	5	4	-26.5	1
tRNA-Ile-AAT-5-1	0.023255814	0.501792115	81.2	3	6	15	-25.5	1
tRNA-Pro-AGG-2-2	0.033678756	0.623885918	70.2	3	3	9	-29.5	1
tRNA-Lys-CTT-2-4	0.020698577	0.386811568	87.8	3	6	15	-28	1
tRNA-Tyr-GTA-1-1	0.034134008	0.625993641	77.9	3	8	13	-29.8	1
tRNA-Ala-AGC-11-1	0.033635188	0.646306818	58.9	3	1	26	-29.6	1
tRNA-Tyr-GTA-8-1	0.016455696	0.149381135	72.4	3	6	13	-26.6	0
tRNA-Tyr-GTA-3-1	0.030418251	0.770736482	77.5	3	6	13	-28.3	1
tRNA-Tyr-GTA-6-1	0.022813688	0.496031746	75.1	0	6	13	-25.9	1
tRNA-Ala-AGC-14-1	0.010349288	0.262172285	58.9	1	156	26	-26.3	0
tRNA-Ala-AGC-12-1	0.007761966	0.117607527	60	2	163	26	-26.3	0
tRNA-Ala-AGC-10-1	0.014230272	0.238948626	60.1	1	220	26	-25.6	0
tRNA-Met-CAT-5-1	0.021992238	0.564516129	79.2	1	116	20	-26.7	1
tRNA-Ala-AGC-13-1	0.012936611	0.285109156	58.7	1	220	26	-26.3	0
tRNA-Met-CAT-4-2	0.037516171	0.626933724	80.2	1	2	20	-26.7	1
tRNA-Ile-AAT-6-1	0.031007752	0.865112994	81.6	1	8	15	-25.3	1
tRNA-Ile-TAT-2-2	0.065491184	0.918183309	73.1	0	3	5	-33.2	1
tRNA-Pro-CGG-2-1	0.029792746	0	65.9	1	6	4	-27.6	1
tRNA-Ser-GCT-1-1	0.052429668	1.003440367	91.9	1	9	8	-32.8	1
tRNA-His-GTG-1-5	0.029792746	0.465116279	60.1	1	59	9	-25.5	1
tRNA-Thr-AGT-6-1	0.012919897	0.348143236	80.6	1	11	9	-27.8	1
tRNA-Ile-AAT-5-2	0.043927649	0.676031607	81.2	0	14	15	-25.5	1
tRNA-Val-CAC-6-1	0.042690815	0.621118012	63.1	3	20	13	-19.2	1
tRNA-Ser-CGA-2-1	0.023017903	0.066287879	94	3	22	4	-34	1
tRNA-Arg-ACG-2-2	0.047865459	0.87182971	64.2	3	8	7	-23.1	1
tRNA-Arg-ACG-2-3	0.047865459	0.831447964	64.2	3	15	7	-23.1	1
tRNA-Leu-TAA-4-1	0.033205619	0.715583826	83.8	2	154	4	-31.2	1
tRNA-Val-AAC-5-1	0.043984476	0.815850816	67	2	13	10	-16.8	1
tRNA-Ile-AAT-5-3	0.032299742	0.690789474	81.2	2	26	15	-25.5	1
tRNA-Ile-AAT-9-1	0.018087855	0	79.3	2	4	15	-21.2	0
tRNA-Ile-AAT-3-1	0.032299742	0.751476114	84.9	2	4	15	-24.7	1
tRNA-Val-CAC-2-1	0.034928849	0.46113307	80.5	2	7	13	-25.6	1
tRNA-Val-TAC-4-1	0.03622251	0.807692308	68.7	2	8	5	-21.9	1
tRNA-Gln-CTG-5-1	0.023316062	0.309323906	66.2	2	79	13	-24.2	1
tRNA-Ser-GCT-2-1	0.030690537	0.494949495	91	2	4	8	-30.1	1
tRNA-iMet-CAT-1-5	0.034974093	0.873907615	60.4	1	4	20	-26.1	1
tRNA-Lys-TTT-6-1	0.021992238	0.646352724	85.2	1	13	12	-28	1
tRNA-Ser-AGA-2-2	0.040920716	0.491573034	89.6	1	5	9	-32.8	1
tRNA-Asp-GTC-2-6	0.04015544	0.851947308	66.5	1	11	13	-26.4	1
tRNA-Ser-AGA-2-3	0.043478261	0.691699605	89.6	3	6	9	-32.8	1
tRNA-Ser-AGA-2-4	0.038363171	0.770663957	89.6	3	9	9	-32.8	1
tRNA-Asp-GTC-2-7	0.028497409	0.647908182	66.5	3	9	13	-26.4	1
tRNA-Ser-TGA-4-1	0.023017903	0.068226121	84	3	6	4	-30	1
tRNA-Gln-CTG-1-2	0.033678756	0.72815534	71.5	0	25	13	-24.7	1
tRNA-Ser-AGA-3-1	0.02173913	0.435555556	87.2	1	123	9	-32.8	0
tRNA-Ser-AGA-1-1	0.020460358	0.315428983	90.3	3	100	9	-32.8	1
tRNA-Ser-TGA-2-1	0.037084399	0.777371309	90.4	3	1	4	-32.8	1
tRNA-Gln-CTG-2-1	0.028497409	0.537516455	70.9	3	36	13	-24.7	1
tRNA-Ser-AGA-4-1	0.029411765	0.309917355	78.8	3	7	9	-29.2	1
tRNA-Arg-TCT-5-1	0.024142313	0.665905632	61.4	1	9	6	-23.1	1
tRNA-Asp-GTC-3-1	0.033678756	0.647149461	58.2	2	13	13	-24.3	1
tRNA-Lys-TTT-4-1	0.021992238	0.746666667	86.8	2	11	12	-26	1
tRNA-iMet-CAT-1-6	0.029792746	0.622529644	60.4	3	8	20	-26.1	1
tRNA-Leu-CAA-3-1	0.032218092	0.736842105	77.3	2	6	7	-38.2	1
tRNA-Leu-CAA-2-1	0.038366337	0.628279481	78	1	10	7	-38.9	1
tRNA-Thr-CGT-5-1	0.033591731	0.397877984	66.2	0	50	5	-26.2	1
tRNA-Ile-TAT-2-3	0.037783375	0.803212851	73.1	0	2	5	-31.9	1
tRNA-Val-AAC-3-1	0.021992238	0	72.8	0	63	10	-21.1	1
tRNA-Ile-AAT-8-1	0.042635659	0.769230769	75.8	2	43	15	-26.3	1
tRNA-Arg-ACG-2-4	0.018111255	0.113710201	64.2	2	13	7	-23.1	1
tRNA-Ser-CGA-3-1	0.037084399	0.487853445	94.6	3	6	4	-31.8	1
tRNA-Val-AAC-4-1	0.046571798	0.738396624	69.2	3	201	10	-20.3	1
tRNA-Thr-AGT-2-2	0.036175711	0.831485588	81.4	2	20	9	-27	1
tRNA-Ile-AAT-2-1	0.051679587	0.805469067	86.3	2	15	15	-27.6	1
tRNA-Leu-TAA-2-1	0.024265645	0.285830951	90.8	1	7	4	-33.5	1
tRNA-Thr-AGT-4-1	0.016795866	0.23046532	81.2	1	207	9	-25.2	0
tRNA-Val-AAC-1-5	0.042690815	0.525131283	79.4	0	11	10	-24.7	1
tRNA-iMet-CAT-2-1	0.014248705	0.338753388	51.7	0	11	20	-26.1	1
tRNA-Gln-CTG-6-1	0.018134715	0.494117647	64.7	1	93	13	-21.6	1
tRNA-Gln-TTG-3-3	0.007772021	0.147058824	66.9	1	9	6	-22	0
tRNA-iMet-CAT-1-7	0.016839378	0.550190883	60.4	1	0	20	-26.1	1
tRNA-Gly-GCC-2-3	0.04150454	0.853658537	81	1	9	14	-26.4	1
tRNA-Ser-GCT-5-1	0.024296675	0.60261708	85.2	0	15	8	-30.7	1
tRNA-Thr-TGT-1-1	0.014211886	0.642791552	83.3	1	5	6	-24.9	1
tRNA-Leu-AAG-4-1	0.024296675	0.702811245	64.4	1	58	9	-27.7	0
tRNA-Thr-CGT-1-1	0.023255814	0.985663082	78.4	0	4	5	-23.7	1
tRNA-Ile-TAT-3-1	0.031486146	0.522165388	72.1	1	1	5	-30.9	1
tRNA-Arg-TCG-5-1	0.019404916	0.104321908	65.5	1	8	6	-23.7	1
tRNA-Gln-TTG-2-1	0.038860104	0.492264416	70	1	14	6	-27.1	1
tRNA-Ser-GCT-4-1	0.023017903	0.563607085	88.4	2	10	8	-30.7	1
tRNA-Ala-AGC-3-1	0.024611399	0.46854083	80.3	1	4	26	-29.9	1
tRNA-Ala-TGC-2-1	0.012953368	0.099206349	79.7	1	13	8	-26.5	1
tRNA-Thr-CGT-3-1	0.024547804	0.699300699	77.1	2	13	5	-25.8	1
tRNA-Ala-AGC-4-1	0.029792746	0.549450549	76.1	1	3	26	-23.6	1
tRNA-Ala-CGC-2-1	0.025906736	0.684931507	79.7	0	15	4	-26.5	1
tRNA-Ala-AGC-5-1	0.023316062	0.414773849	84.2	1	107	26	-30.4	1
tRNA-Ala-AGC-7-1	0.018134715	0	84.7	3	67	26	-31.9	1
tRNA-Thr-AGT-3-1	0.012919897	0.176544767	80.7	3	50	9	-26.8	1
tRNA-Ala-CGC-4-1	0.019430052	0.375375375	76.1	3	8	4	-25.7	1
tRNA-Val-AAC-6-1	0.018134715	0.459662289	69.9	3	66	10	-19	1
tRNA-Arg-CCG-1-1	0.028460543	0.651890482	67	2	238	4	-27.1	1
tRNA-Lys-TTT-7-1	0.032341527	0.684485007	74.9	1	13	12	-19.6	1
tRNA-Ala-TGC-6-1	0.025906736	0.530647607	74.2	1	8	8	-27.4	1
tRNA-Phe-GAA-6-1	0.025839793	0.543900544	58.8	1	6	10	-14.6	0
tRNA-Ala-TGC-1-1	0.031088083	0.702811245	80.5	2	9	8	-28.5	1
tRNA-Phe-GAA-1-1	0.032341527	0.16374269	88.9	2	3	10	-21.9	1
tRNA-Ala-AGC-1-1	0.028497409	0.500324886	84.9	3	7	26	-28.9	1
tRNA-Ala-TGC-7-1	0.025940337	0.468331847	60	3	53	8	-20	1
tRNA-Phe-GAA-3-1	0.016817594	0.444915254	88.3	3	6	10	-22	1
tRNA-Ala-AGC-6-1	0.016839378	0.212550607	74.1	3	2	26	-27.8	0
tRNA-Ala-TGC-5-1	0.031088083	0.510416667	75.3	3	8	8	-27.1	1
tRNA-Phe-GAA-4-1	0.023255814	0.791166754	75.5	1	6	10	-19.9	0
tRNA-Ala-AGC-2-1	0.034974093	0.672215109	84.7	0	4	26	-31.9	1
tRNA-Ala-AGC-2-2	0.042746114	0.949612403	84.7	0	6	26	-31.9	1
tRNA-Arg-CCG-1-2	0.027166882	0.401606426	67	0	3	4	-27.1	1
tRNA-Leu-CAA-1-1	0.053349876	0.866479617	77.2	0	5	7	-36.7	1
tRNA-Leu-CAA-1-2	0.039751553	1.095191041	77.2	4	17	7	-38.1	1
tRNA-Gln-CTG-1-3	0.027202073	0.549882168	71.5	4	13	13	-24.7	1
tRNA-Leu-AAG-2-2	0.033248082	0.421871576	74.8	5	10	9	-32.4	1
tRNA-Met-CAT-3-1	0.025873221	0.693183694	77.4	5	9	20	-25.8	1
tRNA-Lys-TTT-3-3	0.021992238	0.607287449	87.8	5	11	12	-27.5	1
tRNA-Met-CAT-3-2	0.023285899	0.516550706	77.4	3	7	20	-25.8	1
tRNA-Phe-GAA-1-2	0.033635188	0.963463463	88.9	2	13	10	-21.9	1
tRNA-Glu-CTC-1-6	0.037564767	1.005128205	73.2	2	5	8	-26.4	1
tRNA-Leu-AAG-3-1	0.05370844	0.711933359	73.8	2	5	9	-32.4	1
tRNA-Ile-AAT-1-1	0.052971576	0.891385768	81.9	1	5	15	-27.4	1
tRNA-Ala-AGC-13-2	0.014230272	0.237691002	58.7	1	220	26	-26.3	0
tRNA-Met-CAT-7-1	0.015523933	0.38688283	66.2	1	4	20	-24.8	0
tRNA-Ala-AGC-12-3	0.015523933	0.396761134	60	0	220	26	-26.3	0
tRNA-Ala-AGC-16-1	0.01164295	0.312109863	53.1	0	207	26	-21.5	0
tRNA-Glu-CTC-1-7	0.025906736	0.588730025	73.2	0	6	8	-26.4	1
tRNA-Leu-TAA-1-1	0.074074074	0.954636807	88.7	0	8	4	-32.3	1
tRNA-Gln-TTG-4-1	0.014248705	0.111146396	58.1	0	14	6	-24.1	0
tRNA-Trp-CCA-5-1	0.034974093	0.595744681	68.8	0	73	7	-25.1	1
tRNA-Pro-AGG-2-3	0.020725389	0.248888889	70.2	0	3	9	-29.5	1
tRNA-Arg-CCT-4-1	0.069857697	1.371473354	65.6	0	9	5	-27.2	1
tRNA-Cys-GCA-1-1	0.002590674	0.155936734	84.1	0	2	29	-26.6	0
tRNA-Cys-GCA-9-2	0.00388601	0.040509259	77.2	0	5	29	-24.6	0
tRNA-Cys-GCA-13-1	0.007772021	0.13239188	74	0	4	29	-24.6	1
tRNA-Cys-GCA-18-1	0.005181347	0.162037037	71.8	1	12	29	-22.2	0
tRNA-Cys-GCA-10-1	0.006476684	0.13671875	74.9	1	14	29	-24.2	0
tRNA-Cys-GCA-11-1	0.055699482	1.071579392	76.9	0	10	29	-24	1
tRNA-Cys-GCA-16-1	0.005181347	0.202898551	70	0	12	29	-24.6	0
tRNA-Cys-GCA-22-1	0.009090909	0.227125243	64.9	0	6	29	-19.8	0
tRNA-Cys-GCA-15-1	0.005181347	0.203252033	70.5	1	12	29	-22.1	0
tRNA-Cys-GCA-3-1	0.006476684	0.183871815	79.1	3	5	29	-27.3	0
tRNA-Cys-GCA-23-1	0.005181347	0.051759834	59.1	2	24	29	-20	0
tRNA-Cys-GCA-20-1	0.007772021	0.222292791	65.6	2	7	29	-17.5	0
tRNA-Cys-GCA-19-1	0.009067358	0.199174847	69.2	0	5	29	-20.8	0
tRNA-Cys-GCA-9-3	0.012953368	0.125718391	77.2	0	12	29	-24.6	0
tRNA-Cys-GCA-12-1	0.010362694	0	72.4	0	11	29	-20.4	0
tRNA-Cys-GCA-21-1	0.002590674	0.055821372	60.7	0	24	29	-23.9	0
tRNA-Cys-GCA-17-1	0.027202073	0.569939749	70.7	0	6	29	-20.3	1
tRNA-Cys-GCA-9-4	0.006476684	0.17641129	77.2	0	12	29	-24.6	0
tRNA-Tyr-GTA-9-1	0.015228426	0	52	0	251	13	-16.7	0
tRNA-Tyr-GTA-5-1	0.071878941	0.916573139	75.3	2	11	13	-30.5	1
tRNA-Tyr-GTA-5-2	0.06590621	0.769230769	75.5	2	21	13	-32.3	1
tRNA-Ala-AGC-8-2	0.047865459	0.798305637	59.7	2	1	26	-32	1
tRNA-Ser-AGA-2-5	0.056265985	0.617977528	89.6	0	11	9	-32.8	1
tRNA-Met-CAT-1-1	0.063389392	0.788485607	82.3	0	6	20	-25	1
tRNA-His-GTG-1-6	0.015544041	0.166666667	60.1	0	13	9	-25.5	0
tRNA-Arg-TCG-6-1	0.021992238	0.088006035	53.7	0	13	6	-21	0
tRNA-Arg-TCT-3-1	0.064475348	0.833855799	70.1	0	2	6	-28.1	1
tRNA-Ile-GAT-1-1	0.07622739	0.802139037	75.5	0	10	3	-31.9	0
tRNA-Val-TAC-1-2	0.081500647	0.929330065	82.9	0	17	5	-23.6	1