tRNA	tRNAPhyloPAvg	5PhyloPAvg	CpGOvrPct	ObsExp	ObsExpUp	GenBit	tRNA10kb	Prot75kb	TTTT	Codon	MFE
tRNA-Asn-GTT-chr1-140	0.0640135135135	-0.1019	0.0487804878049	0.714311111111	0.698064035741	76.5	0	60	11	25	-24.2	active
tRNA-Glu-TTC-chr1-138	-0.138152777778	-0.71295	0.0664335664336	0.718023255814	0.573192239859	68.7	0	52	3	8	-26.4	active
tRNA-Gly-CCC-chr1-137	0.0337746478873	-0.709	0.031523642732	0.668792295679	0.902992776058	78.3	0	54	8	5	-26.4	inactive
tRNA-Gly-CCC-1-2	-0.0507887323944	-2.28995	0.031523642732	0.666969500324	0.868055555556	78.3	0	25	8	5	-26.4	inactive
tRNA-Glu-TTC-3-1	?	?	0.0681818181818	0.728448275862	0.572183098592	71.6	0	33	3	8	-28.9	active
tRNA-Asn-GTT-4-1	0.129121621622	-1.4417	0.0540069686411	0.750326797386	0.776397515528	77.7	0	43	11	25	-26.4	active
tRNA-Lys-CTT-7-1	-0.0451506849315	-0.0344	0.0087260034904	0.214799820063	0.0	64.8	0	24	251	15	-16.2	inactive
tRNA-Cys-GCA-7-1	-1.947	?	0.0104712041885	0.229138896294	0.27972027972	77.8	0	35	9	29	-26.6	inactive
tRNA-Arg-TCT-1-1	1.63910465116	0.3703	0.0854700854701	0.898120854827	0.927835051546	71.1	0	26	6	6	-30.7	active
tRNA-Asn-GTT-7-1	?	?	0.0540069686411	0.780404368229	0.726247436774	73.5	0	40	11	25	-18.1	inactive
tRNA-Val-CAC-5-1	0.103835616438	-1.9269	0.0401396160558	0.817911003538	0.67842605156	79.4	0	44	4	13	-24.7	active
tRNA-Gln-CTG-4-2	0.138722222222	-1.3253	0.0437062937063	0.630511463845	0.361689814815	71.9	0	15	29	13	-24.7	inactive
tRNA-Asn-GTT-6-1	-0.0122432432432	-0.21115	0.0435540069686	0.642058165548	0.677083333333	73.8	0	19	11	25	-23.8	active
tRNA-Val-CAC-4-1	0.0	0.0	0.0366492146597	0.747205663189	0.639204545455	72.2	0	41	4	13	-22.5	active
tRNA-Asn-GTT-12-1	0.0954864864865	-1.08895	0.0452961672474	0.693236714976	0.9019524618	54.5	0	35	9	25	-20.6	active
tRNA-Asn-GTT-3-1	0.129121621622	-1.4958	0.0557491289199	0.800348583878	0.874417055296	79.7	0	38	11	25	-26.2	active
tRNA-Asn-GTT-chr1-110	?	?	0.0557491289199	0.779626485569	0.812215724496	80.9	0	17	11	25	-26.4	active
tRNA-Asn-GTT-10-1	?	?	0.0261324041812	0.439644607843	0.33315565032	62.7	0	43	9	25	-18.7	active
tRNA-Val-CAC-chr1-16	?	?	0.0349040139616	0.711226959598	0.664540138224	59.3	0	46	4	13	-18.2	active
tRNA-Asn-GTT-chr1-21	0.143783783784	-1.42815	0.0540069686411	0.765333333333	0.801146905043	80.9	0	98	11	25	-26.4	active
tRNA-Glu-CTC-1-1	1.36790277778	-3.8452	0.0454545454545	0.789635765106	0.631313131313	73.2	3	99	14	8	-26.4	active
tRNA-Gly-TCC-2-1	1.35679166667	-3.4195	0.027972027972	0.591596638655	0.418060200669	73.8	3	100	7	9	-25.1	active
tRNA-His-GTG-1-1	1.34595833333	-1.09705	0.0664335664336	0.969924141008	0.829777145567	60.1	3	100	27	9	-25.5	active
tRNA-Lys-CTT-2-1	0.990726027397	-3.16645	0.0506108202443	0.793932154802	0.830314009662	87.8	3	101	5	15	-28.0	active
tRNA-His-GTG-1-2	0.103638888889	-0.1901	0.0402097902098	0.630046453714	0.402298850575	60.1	0	17	31	9	-25.5	active
tRNA-Gln-CTG-4-1	-0.0502083333333	-1.2629	0.0384615384615	0.578734363503	0.293944738389	71.9	0	25	29	13	-24.7	active
tRNA-Gln-CTG-7-1	-0.127597222222	-0.1083	0.0367132867133	0.555879494655	0.144175317186	58.5	0	26	29	13	-19.5	inactive
tRNA-Asn-GTT-2-1	0.143783783784	-1.4958	0.0574912891986	0.809314249092	0.781893004115	80.9	0	79	11	25	-26.4	active
tRNA-Asn-GTT-8-1	0.119932432432	-1.00905	0.0452961672474	0.701744486764	0.9654702408	69.8	0	47	9	25	-22.6	active
tRNA-iMet-CAT-1-1	1.67915277778	-3.8751	0.0384615384615	0.821034775233	0.962885154062	60.4	0	96	6	20	-26.1	active
tRNA-Arg-TCT-4-1	1.6292972973	1.5576	0.0209059233449	0.329885057471	0.223563603845	78.5	0	29	19	6	-27.7	active
tRNA-Val-CAC-1-1	0.974780821918	-1.93325	0.0802792321117	0.881155350516	0.612745098039	79.4	0	38	12	13	-24.7	active
tRNA-Glu-TTC-4-2	0.123180555556	-0.6888	0.0454545454545	0.633930093777	0.564971751412	68.7	1	39	6	8	-26.4	active
tRNA-Asn-GTT-2-2	0.204283783784	-3.25425	0.0296167247387	0.608050847458	0.527797325827	80.9	1	39	7	25	-26.4	active
tRNA-Gly-TCC-4-1	0.204180555556	-0.0713	0.113636363636	0.907936507937	1.01686507937	56.0	7	44	11	9	-15.8	active
tRNA-Leu-CAG-1-1	0.411313253012	-0.24125	0.126929674099	0.973596317025	1.10456553756	78.2	8	41	8	9	-35.7	inactive
tRNA-Gly-GCC-4-1	?	?	0.0350262697023	0.397743103929	0.4	69.4	1	65	13	14	-19.5	inactive
tRNA-Gly-GCC-2-1	1.29738028169	-2.8825	0.0385288966725	0.664515446466	0.686813186813	81.0	2	59	6	14	-26.4	active
tRNA-Leu-CAG-1-6	1.0706626506	-3.66005	0.0308747855918	0.660332242638	0.652985074627	78.2	3	56	7	9	-35.7	active
tRNA-Gly-TCC-2-6	1.00886111111	-3.2347	0.0611888111888	1.01095793567	0.981297621796	73.8	3	56	4	9	-25.1	active
tRNA-Asn-GTT-1-1	1.29489189189	-3.9674	0.0540069686411	0.812696962777	0.592885375494	81.5	2	51	9	25	-26.4	active
tRNA-Leu-CAA-6-1	0.000785714285714	0.0	0.0342465753425	0.753353973168	0.754147812971	57.5	0	42	7	7	-28.2	active
tRNA-Pro-CGG-1-1	1.14922222222	-0.9076	0.0646853146853	0.870552424828	0.880012243649	70.2	1	16	4	4	-29.5	active
tRNA-Pro-AGG-2-1	1.43225	-3.9751	0.0297202797203	0.795744680851	0.857843137255	70.2	1	16	2	9	-29.5	active
tRNA-Lys-TTT-3-1	1.32342465753	-3.10595	0.0383944153578	0.798252279635	0.816993464052	87.8	1	68	7	12	-27.5	active
tRNA-Lys-TTT-3-2	1.39521917808	-3.4087	0.0279232111693	0.69995419148	0.832408435072	87.8	1	67	10	12	-27.5	active
tRNA-Thr-TGT-2-1	0.488589041096	-3.0162	0.020942408377	0.455243644068	0.447227191413	84.1	0	34	13	6	-29.1	active
tRNA-Leu-CAA-4-1	0.904095238095	-1.61985	0.0643564356436	0.832593532023	0.93808630394	73.6	1	69	6	7	-43.4	active
tRNA-Glu-CTC-2-1	0.925819444444	-3.9166	0.0402097902098	0.738271604938	0.626959247649	68.7	1	68	8	8	-21.9	active
tRNA-Val-TAC-3-1	-0.308904109589	-1.16745	0.0191972076789	0.310400866739	0.262054507338	80.7	0	48	15	5	-23.7	inactive
tRNA-Asn-GTT-2-3	1.4827027027	-3.18145	0.0609756097561	0.884983040395	0.569216757741	80.9	0	5	8	25	-26.4	active
tRNA-Ser-TGA-1-1	1.51405747126	-2.47685	0.0601374570447	0.962756404197	1.00644122383	94.0	0	16	16	4	-34.9	active
tRNA-Leu-CAA-5-1	-0.051027027027	-0.3704	0.0191637630662	0.424470588235	0.241896468312	66.5	0	17	49	7	-24.0	inactive
tRNA-Val-TAC-1-1	0.231191780822	-1.1276	0.0610820244328	0.879605263158	0.839865621501	82.9	6	49	17	5	-23.6	active
tRNA-Val-TAC-2-1	1.11680821918	-2.74375	0.043630017452	0.84116265414	0.777275296778	80.5	6	49	16	5	-23.6	active
tRNA-Arg-TCT-3-2	1.017	-2.5321	0.0392491467577	0.802261904762	0.803623611923	70.3	6	50	1	6	-27.9	active
tRNA-Leu-TAA-3-1	0.0677108433735	-3.3879	0.0291595197256	0.776237468672	0.915750915751	85.0	6	49	11	4	-28.2	active
tRNA-Lys-TTT-5-1	0.890904109589	-3.65745	0.0383944153578	0.796034352109	0.860450563204	84.9	7	48	7	12	-26.8	active
tRNA-Phe-GAA-1-3	1.32775342466	-2.8953	0.0471204188482	0.742940837495	0.778256704981	88.9	7	48	4	10	-21.9	active
tRNA-Lys-TTT-3-4	1.1482739726	-3.41285	0.0314136125654	0.575558035714	0.744047619048	87.8	7	48	5	12	-27.5	active
tRNA-Phe-GAA-2-1	0.663602739726	-2.8589	0.0279232111693	0.610955617753	0.490196078431	87.9	3	53	9	10	-21.9	active
tRNA-Ser-GCT-3-1	1.65162352941	-2.04635	0.0635738831615	0.80275862069	1.1451726568	89.1	0	95	6	8	-30.7	active
tRNA-Pro-AGG-2-4	1.44341666667	-4.7897	0.0786713286713	1.0943877551	0.995498614958	70.2	1	29	3	9	-29.5	active
tRNA-Pro-TGG-2-1	1.62941666667	-4.07095	0.0646853146853	0.941040462428	0.737055463424	70.5	1	29	3	7	-28.9	active
tRNA-Lys-TTT-2-1	-0.0853561643836	-0.39965	0.0157068062827	0.36093225084	0.28549676437	87.7	0	1	10	12	-26.0	active
tRNA-Lys-TTT-11-1	-0.0657260273973	-0.1605	0.00523560209424	0.107383808096	0.310045473336	50.7	0	50	251	12	-16.3	inactive
tRNA-Ser-CGA-4-1	1.52329268293	-0.8315	0.0601374570447	0.800770500826	0.802282046711	89.6	0	183	2	4	-29.8	active
tRNA-Asp-GTC-2-8	1.65848611111	-2.7683	0.034965034965	0.652074783402	0.739207569486	66.5	0	66	12	13	-26.4	active
tRNA-Asp-GTC-1-1	1.13786111111	-3.8015	0.0367132867133	0.633444075305	0.790513833992	65.4	1	22	14	13	-26.4	active
tRNA-Trp-CCA-4-1	1.62001190476	0.4871	0.0437062937063	0.793650793651	0.633445945946	74.3	1	22	3	7	-25.1	active
tRNA-Ala-TGC-3-2	1.24815277778	-2.69505	0.0157342657343	0.374836173001	0.354609929078	79.7	2	54	6	8	-26.5	active
tRNA-Asp-GTC-2-9	1.42897222222	-4.40865	0.041958041958	0.844488188976	0.700280112045	66.5	2	54	10	13	-26.4	active
tRNA-Phe-GAA-1-4	1.36130136986	-2.88915	0.0453752181501	0.699042792793	0.737295825771	88.9	2	54	7	10	-21.9	active
tRNA-Asp-GTC-2-10	0.759388888889	-2.4627	0.0472027972028	0.696051919957	0.522317188984	66.5	1	54	16	13	-26.4	active
tRNA-Ala-TGC-4-1	0.789888888889	-3.33595	0.0454545454545	0.582074363992	0.530478395062	78.8	1	54	3	8	-25.8	active
tRNA-Asn-GTT-2-4	1.27524324324	-1.35815	0.0836236933798	0.916566866267	0.971143174251	80.9	0	23	11	25	-26.4	active
tRNA-Glu-TTC-1-2	1.52423611111	-1.68985	0.0804195804196	0.868554829339	0.94696969697	72.5	0	27	10	8	-25.0	active
tRNA-Glu-TTC-2-1	1.6371625	-4.59805	0.0629370629371	0.894915254237	1.06621773288	71.2	0	25	8	8	-26.7	active
tRNA-Phe-GAA-1-5	1.04891780822	-2.324	0.0663176265271	0.837139561707	0.89605734767	88.9	0	32	5	10	-21.9	active
tRNA-Pro-AGG-2-5	0.843458333333	-3.0067	0.0244755244755	0.572572572573	0.602167804095	70.2	3	38	6	9	-29.5	active
tRNA-Leu-AAG-2-3	1.37208536585	-3.64815	0.0395189003436	0.739966832504	0.650618087183	74.8	3	39	10	9	-32.4	active
tRNA-Pro-AGG-2-6	1.21286111111	-4.1336	0.0384615384615	0.699888765295	0.764101139205	70.2	3	39	6	9	-29.5	active
tRNA-Thr-TGT-3-1	1.35254794521	-3.56395	0.0418848167539	0.679648117031	0.531914893617	80.0	3	41	5	6	-29.4	active
tRNA-Leu-TAG-2-1	0.978036585366	-3.7173	0.0360824742268	0.699759532807	0.623885918004	74.1	2	44	8	3	-30.9	active
tRNA-Thr-TGT-4-1	0.343287671233	-3.77205	0.0279232111693	0.726120703311	0.532670454545	78.8	2	44	15	6	-29.7	active
tRNA-Pro-TGG-1-1	0.371180555556	-3.2766	0.0506993006993	0.878322566981	0.905200789993	74.9	2	43	233	7	-29.5	active
tRNA-Tyr-GTA-5-3	0.124767123288	-0.31495	0.047138047138	0.72162443596	0.881925710728	75.3	3	40	12	13	-29.1	active
tRNA-Tyr-GTA-4-1	0.104739726027	-0.11115	0.0353535353535	0.495	0.398009950249	75.3	3	40	12	13	-33.8	active
tRNA-Tyr-GTA-7-1	0.110876712329	-0.95935	0.043771043771	0.561824729892	0.586219336219	74.3	3	40	12	13	-33.2	active
tRNA-Tyr-GTA-5-4	0.152	-0.7342	0.0420875420875	0.53096395881	0.619047619048	75.3	3	40	12	13	-33.1	active
tRNA-Thr-TGT-5-1	1.63191780822	-4.54415	0.0296684118674	0.518994085993	0.455373406193	78.0	2	38	27	6	-30.4	active
tRNA-Tyr-GTA-5-5	1.06380821918	-3.9085	0.0509337860781	0.841749237805	0.558035714286	75.5	2	38	10	13	-29.4	active
tRNA-Pro-TGG-3-2	1.33948611111	-3.91225	0.0314685314685	0.522374429224	0.171703296703	70.3	2	37	12	7	-29.5	active
tRNA-Arg-ACG-1-3	1.622	-3.06395	0.043630017452	0.716178382162	0.60760053027	67.6	0	141	32	7	-25.4	active
tRNA-Lys-CTT-1-1	1.3352739726	-3.72045	0.0349040139616	1.03243243243	1.31578947368	88.0	0	45	11	15	-30.1	active
tRNA-Cys-GCA-8-1	0.0681388888889	-0.0354	0.013986013986	0.239255463767	0.139353400223	77.3	0	56	9	29	-26.1	inactive
tRNA-Ala-AGC-15-1	0.0799726027397	-0.52965	0.0157068062827	0.388123729962	0.107204116638	56.7	0	5	59	26	-27.7	active
tRNA-Ile-AAT-5-4	-0.286432432432	-1.1047	0.0731707317073	0.868756756757	0.832916874896	81.2	0	50	7	15	-25.5	active
tRNA-Glu-TTC-2-2	1.41216666667	-3.70435	0.0472027972028	0.712821932983	0.702370500439	71.2	0	20	14	8	-26.7	active
tRNA-Ser-GCT-4-2	1.53685714286	-1.2034	0.0343642611684	0.7578125	0.718803910293	88.4	0	42	14	8	-30.7	active
tRNA-His-GTG-1-7	1.51943055556	0.4423	0.0541958041958	0.879040253817	0.714577378522	60.1	2	99	34	9	-25.5	active
tRNA-His-GTG-1-8	1.60553571429	-2.7803	0.0559440559441	0.852816474864	0.641848523748	60.1	2	100	33	9	-25.5	active
tRNA-His-GTG-1-9	1.68415277778	0.13045	0.0506993006993	0.760115474499	0.775830595108	60.1	2	102	30	9	-25.5	active
tRNA-Gln-CTG-1-4	1.59279166667	-2.47825	0.0384615384615	0.653714285714	0.810450038139	71.5	0	33	7	13	-24.7	active
tRNA-Lys-CTT-1-2	0.429301369863	-2.11535	0.0279232111693	0.75085995086	0.694444444444	88.0	0	38	6	15	-30.1	active
tRNA-Cys-GCA-5-1	1.00008333333	-2.8055	0.0104712041885	0.24707150557	0.225360576923	78.7	0	0	9	29	-26.6	inactive
tRNA-Arg-TCG-1-1	1.6157260274	-2.80315	0.0802792321117	0.914255983351	0.819288389513	74.8	0	82	19	6	-29.2	active
tRNA-Gly-CCC-2-2	1.34143661972	-4.38745	0.0875656742557	0.912607083493	0.945378151261	75.1	0	197	5	5	-31.4	active
tRNA-Arg-CCG-1-3	1.44593150685	-5.44925	0.0855148342059	0.843153153153	0.787887092354	67.0	3	82	14	4	-27.1	active
tRNA-Arg-CCT-3-1	0.957657534247	-2.7202	0.0506108202443	0.829191616766	0.847457627119	71.7	3	82	13	5	-30.6	active
tRNA-Lys-CTT-3-1	0.589520547945	-3.4479	0.0628272251309	0.881350138859	0.900900900901	83.1	4	78	5	15	-28.0	active
tRNA-Pro-TGG-3-3	0.885458333333	-4.63775	0.0804195804196	0.797333333333	0.716116387758	70.3	4	81	2	7	-29.5	active
tRNA-Lys-CTT-8-1	0.407260273973	-2.36215	0.0296684118674	0.435955961332	0.513698630137	57.8	3	85	4	15	-15.9	inactive
tRNA-Pro-CGG-1-2	0.202180555556	-0.80275	0.0541958041958	0.610017889088	0.562770562771	70.2	3	86	13	4	-29.5	active
tRNA-Lys-CTT-2-5	0.125	-0.68895	0.0453752181501	0.551165371809	0.548245614035	87.8	4	88	5	15	-28.0	active
tRNA-Lys-CTT-5-1	0.0615616438356	-0.7901	0.0383944153578	0.518338815789	0.663536137199	69.3	6	89	4	15	-23.6	active
tRNA-Pro-AGG-2-7	0.0822777777778	-0.8008	0.0576923076923	0.646327683616	0.641025641026	70.2	7	92	2	9	-29.5	active
tRNA-Pro-TGG-3-4	0.103027777778	-0.71665	0.0664335664336	0.834715821813	0.862663906142	70.3	8	92	2	7	-29.5	active
tRNA-Pro-TGG-3-5	0.295222222222	-1.11225	0.0646853146853	0.861586060902	0.877192982456	70.3	7	88	2	7	-29.5	active
tRNA-Pro-AGG-2-8	0.593333333333	-3.3215	0.0559440559441	0.752631578947	0.657462195924	70.2	7	87	3	9	-29.5	active
tRNA-Lys-CTT-4-1	0.183561643836	-0.8211	0.0471204188482	0.593577348066	0.651041666667	82.3	6	82	5	15	-27.1	active
tRNA-Pro-AGG-1-1	-0.192208333333	-0.8951	0.0541958041958	0.6084897567	0.434851359899	71.5	6	81	9	9	-29.5	active
tRNA-Arg-CCT-5-1	0.81598630137	-1.87175	0.0244328097731	0.471383241274	0.63025210084	54.7	5	82	43	5	-29.0	inactive
tRNA-Thr-CGT-2-1	1.58484722222	-0.0457	0.104895104895	0.93729517151	1.0336198455	79.6	0	23	31	5	-27.0	active
tRNA-Leu-TAG-3-1	1.42452380952	-3.1558	0.0343642611684	0.691375623664	1.03767560664	73.9	0	67	18	3	-30.8	active
tRNA-Leu-AAG-2-4	1.53892857143	-4.36005	0.0670103092784	0.87032208589	0.805338242062	74.8	0	58	11	9	-32.4	active
tRNA-Leu-CAG-2-1	1.03720481928	-2.41745	0.0531732418525	0.834934860944	0.676406926407	77.3	1	25	7	9	-32.8	active
tRNA-Leu-CAG-2-2	1.47406024096	-4.37215	0.0531732418525	0.922138884637	0.814000814001	77.3	1	25	12	9	-32.8	active
tRNA-Gly-GCC-3-1	0.486718309859	-0.2961	0.0140105078809	0.304939919893	0.221729490022	75.0	1	44	11	14	-26.4	inactive
tRNA-Gly-GCC-2-4	0.904	-0.4377	0.0140105078809	0.257613354388	0.0	81.0	2	44	12	14	-26.4	inactive
tRNA-Gly-GCC-5-1	1.39457746479	-0.82425	0.0122591943958	0.178286275035	0.126486213003	54.7	2	49	12	14	-16.1	inactive
tRNA-Gly-GCC-2-5	1.34861971831	0.1733	0.0192644483363	0.32816091954	0.128998968008	81.0	1	49	136	14	-26.4	inactive
tRNA-Met-CAT-2-1	0.688917808219	-1.79195	0.0418848167539	0.495246326707	0.609756097561	82.7	0	46	4	20	-26.7	active
tRNA-Lys-TTT-1-1	0.140232876712	-0.7526	0.0157068062827	0.325014180374	0.12444001991	89.0	0	3	11	12	-26.0	inactive
tRNA-Met-CAT-6-1	0.233534246575	-0.54585	0.115183246073	1.0308564575	1.13049095607	77.4	0	38	8	20	-25.0	active
tRNA-Lys-TTT-3-5	1.66905479452	-5.05875	0.0488656195462	0.950755555556	0.810185185185	87.8	4	121	12	12	-27.5	active
tRNA-Gln-CTG-1-5	1.56580555556	-4.4611	0.020979020979	0.711590296496	0.813008130081	71.5	4	121	6	13	-24.7	active
tRNA-Leu-TAG-1-1	1.60723809524	-2.76825	0.0343642611684	0.669928057554	0.595238095238	75.2	4	120	8	3	-33.3	active
tRNA-Arg-TCT-2-1	1.55846575342	-0.25515	0.0527210884354	0.692421652422	0.866384289565	70.8	4	119	1	6	-28.1	active
tRNA-Gly-GCC-2-6	1.02756338028	-3.3384	0.0630472854641	0.773421626909	0.746385920805	81.0	4	111	9	14	-26.4	active
tRNA-Ser-CGA-1-1	1.53158823529	-0.8903	0.0773195876289	0.93753356005	0.924641701341	95.1	1	134	7	4	-34.0	active
tRNA-Thr-AGT-5-1	1.32982432432	-3.84285	0.0209059233449	0.365411140584	0.068082788671	80.1	1	134	141	9	-27.3	active
tRNA-Trp-CCA-3-3	1.40172222222	-1.77935	0.0734265734266	0.828985507246	0.603093514971	73.3	3	158	7	7	-25.1	active
tRNA-Ser-GCT-4-3	1.58066666667	-2.2228	0.0567010309278	0.809969635628	0.791139240506	88.4	3	157	22	8	-30.7	active
tRNA-Thr-AGT-1-1	0.716	-4.03675	0.0452961672474	0.752066115702	0.72337962963	82.6	3	157	17	9	-27.3	active
tRNA-Ile-AAT-5-5	1.65997297297	-5.5548	0.0452961672474	0.833417099458	0.664672648721	81.2	3	156	10	15	-25.5	active
tRNA-Trp-CCA-1-1	1.09302777778	-3.4339	0.0367132867133	0.801120448179	0.721500721501	73.4	6	164	12	7	-24.5	active
tRNA-Gly-TCC-3-1	1.12336111111	-2.1925	0.0769230769231	0.883707865169	0.782778864971	73.8	6	162	5	9	-25.1	active
tRNA-Asp-GTC-2-11	1.45919444444	-4.68005	0.0332167832168	0.546900161031	0.455729166667	66.5	6	160	11	13	-26.4	active
tRNA-Pro-CGG-1-3	1.46516666667	-2.85315	0.0699300699301	0.761144377911	0.886273397618	70.2	6	157	9	4	-29.5	active
tRNA-Thr-AGT-1-2	1.42894594595	-3.34195	0.0296167247387	0.5867003367	0.591016548463	82.6	6	148	22	9	-27.3	active
tRNA-Ser-AGA-2-6	1.41791463415	-4.84815	0.0446735395189	0.791836734694	0.662012518055	89.6	6	148	5	9	-32.8	active
tRNA-Ile-AAT-4-1	1.30575675676	-4.1407	0.0365853658537	0.622881355932	0.270855904659	81.2	6	148	9	15	-25.5	active
tRNA-Trp-CCA-2-1	1.33055555556	-2.3487	0.0804195804196	0.991259795057	0.957375957376	75.1	0	26	8	7	-25.1	active
tRNA-Gly-CCC-3-1	-0.0519295774648	0.0572	0.015761821366	0.311511183852	0.365817968979	68.3	0	37	238	5	-19.7	inactive
tRNA-Thr-CGT-4-1	1.16744444444	0.22865	0.120629370629	0.954347615824	0.839113895726	78.3	0	27	38	5	-27.3	active
tRNA-Asn-GTT-2-5	1.61622368421	-1.8945	0.0609756097561	0.935288640596	1.06647707074	80.9	0	105	8	25	-26.4	active
tRNA-Cys-GCA-14-1	0.950680555556	-1.33075	0.0157342657343	0.316722037652	0.268528464017	71.6	2	53	11	29	-26.1	inactive
tRNA-Cys-GCA-2-2	1.39315277778	-3.33735	0.0402097902098	0.67626195127	0.806451612903	81.9	2	51	14	29	-26.1	active
tRNA-Cys-GCA-4-1	1.589	-1.6589	0.0472027972028	0.655184116749	0.633232016211	81.8	2	53	11	29	-23.9	active
tRNA-Cys-GCA-2-3	1.67713888889	-2.06	0.0332167832168	0.531884696325	0.763888888889	81.9	1	69	8	29	-26.1	active
tRNA-Cys-GCA-2-4	1.60147222222	-4.45725	0.0454545454545	0.633120476799	0.745156482861	81.9	1	68	21	29	-26.1	active
tRNA-Gln-TTG-1-1	1.63504166667	0.3245	0.0699300699301	0.742086144266	0.781472009093	72.6	0	50	8	6	-27.1	active
tRNA-Arg-CCG-2-1	1.6312625	0.1269	0.0785340314136	1.03837789948	1.07204116638	64.9	0	28	11	4	-29.0	active
tRNA-Arg-CCT-1-1	1.21665753425	-3.0791	0.0558464223386	0.642354177614	0.682471264368	72.3	2	63	14	5	-32.1	active
tRNA-Arg-CCT-2-1	0.706671232877	-2.7587	0.0663176265271	0.673367144978	0.893521965748	71.1	2	62	28	5	-32.1	active
tRNA-Arg-TCG-3-1	0.216054794521	-1.54075	0.0680628272251	0.806110670226	0.76898170633	68.8	2	62	5	6	-25.9	active
tRNA-iMet-CAT-1-8	0.289819444444	-1.4767	0.020979020979	0.289437065149	0.278706800446	60.4	0	73	9	20	-26.1	active
tRNA-Phe-GAA-1-6	0.594547945205	-0.80525	0.0750436300175	0.899890430972	1.08173076923	88.9	1	91	4	10	-21.9	active
tRNA-Asn-GTT-2-6	0.974243243243	-2.0341	0.109756097561	1.10597302505	1.05042016807	80.9	1	89	9	25	-26.4	active
tRNA-Gly-TCC-1-1	1.00969444444	-4.369	0.0646853146853	0.747316384181	0.780864704915	73.8	1	57	11	9	-25.1	active
tRNA-Val-CAC-3-1	0.214890410959	-2.70645	0.0418848167539	0.801538730547	0.51674245556	79.2	1	57	9	13	-22.6	active
tRNA-Thr-AGT-1-3	1.61467567568	-1.6289	0.0801393728223	0.835490301554	0.904073087172	82.6	0	55	25	9	-27.3	active
tRNA-Lys-CTT-10-1	-0.0449589041096	0.04695	0.0244328097731	0.456937799043	0.455373406193	54.8	0	140	61	15	-19.1	inactive
tRNA-Ile-TAT-1-1	1.57932432432	0.2029	0.0522765598651	0.846596665746	0.892857142857	73.8	0	140	1	5	-28.0	active
tRNA-SeC-TCA-1-1	1.04219387755	-4.77025	0.0485762144054	0.802530941455	0.89605734767	146.9	0	92	34	2	-28.2	active
tRNA-Lys-CTT-11-1	-0.0807605633803	0.1715	0.015761821366	0.237389135255	0.0585480093677	56.6	0	60	251	15	-16.0	inactive
tRNA-Tyr-GTA-2-1	1.67769863014	-3.6599	0.0424448217317	0.688856661677	0.446428571429	77.9	1	121	12	13	-28.7	active
tRNA-Ala-AGC-8-1	1.63434246575	-2.37055	0.0575916230366	0.931202600217	0.552689756817	59.7	1	120	6	26	-32.0	active
tRNA-Ile-TAT-2-1	1.47289189189	0.27475	0.0927487352445	0.948055345619	0.980392156863	73.2	0	31	6	5	-30.2	active
tRNA-Gly-CCC-2-1	1.32032394366	-3.4882	0.0490367775832	1.15804722584	0.3861003861	75.1	0	70	6	5	-31.4	active
tRNA-Glu-TTC-1-1	0.725611111111	-2.00995	0.0384615384615	0.596652600635	0.571864277545	72.5	0	45	10	8	-25.0	active
tRNA-Ala-CGC-3-1	1.6131125	-2.46755	0.034965034965	0.71679197995	0.736497545008	74.4	1	27	17	4	-27.6	active
tRNA-Gly-GCC-2-2	1.0786056338	-4.0469	0.0175131348511	0.509821428571	0.198728139905	81.0	1	27	2	14	-26.4	active
tRNA-Tyr-ATA-1-1	-0.0181095890411	-0.42925	0.0151770657673	0.306724137931	0.222222222222	57.6	0	75	11	1	-30.5	inactive
tRNA-Gly-GCC-1-5	0.0824788732394	-0.8214	0.0350262697023	0.616430961891	0.401155327343	80.9	0	8	13	14	-28.8	active
tRNA-SeC-TCA-2-1	0.0758235294118	0.09325	0.0334507042254	0.460213219616	0.354191263282	111.5	0	40	251	2	-18.4	inactive
tRNA-Arg-ACG-2-1	1.54224657534	-3.10505	0.064572425829	1.00374017612	1.30939019828	64.2	0	39	9	7	-23.1	active
tRNA-Cys-GCA-6-1	1.17616666667	-1.32995	0.00699300699301	0.15434430653	0.289351851852	79.3	1	5	9	29	-23.8	inactive
tRNA-Cys-GCA-9-1	1.354625	-1.08935	0.0	0.0	0.0	77.2	1	5	11	29	-24.6	inactive
tRNA-Val-AAC-1-1	1.6085890411	-5.6837	0.0366492146597	0.919251336898	0.5	79.4	0	52	14	10	-24.7	active
tRNA-Cys-GCA-2-1	0.0139444444444	-0.43035	0.0367132867133	0.574626865672	0.132555673383	81.9	0	12	13	29	-26.1	inactive
tRNA-Lys-CTT-9-1	-0.0805342465753	-0.36445	0.00698080279232	0.187530682376	0.0	58.2	0	0	170	15	-23.7	inactive
tRNA-Val-AAC-1-2	0.11204109589	-1.4955	0.0541012216405	0.782476542884	0.50881953867	79.4	3	61	11	10	-24.7	active
tRNA-Val-AAC-1-3	0.0887808219178	-0.50085	0.0523560209424	0.782074613285	0.521512385919	79.4	3	67	11	10	-24.7	active
tRNA-Val-CAC-1-4	0.0889315068493	-0.3162	0.0453752181501	0.677027948194	0.408115671642	79.4	3	67	11	13	-24.7	active
tRNA-Leu-AAG-1-3	0.0893658536585	-0.0091	0.0584192439863	0.694559494559	0.664422395464	75.2	3	67	19	9	-33.3	active
tRNA-Leu-AAG-2-1	0.125097560976	-1.22175	0.0395189003436	0.50612522686	0.342734038386	74.8	3	75	11	9	-32.4	active
tRNA-Val-AAC-2-1	0.0319452054795	-3.7544	0.0523560209424	0.735243798118	0.668124392614	79.4	3	75	10	10	-24.7	active
tRNA-Pro-TGG-3-1	0.944527777778	-3.65805	0.0472027972028	0.762591349003	0.685871056241	70.3	3	77	2	7	-29.5	active
tRNA-Thr-TGT-6-1	1.40070833333	-3.51845	0.0874125874126	0.918845980852	1.08612317915	75.7	3	78	9	6	-29.7	active
tRNA-Ala-TGC-3-1	1.36393055556	-3.52745	0.0454545454545	0.607367475292	0.570776255708	79.7	1	79	6	8	-26.5	active
tRNA-Lys-CTT-2-2	1.16397260274	-3.7762	0.0453752181501	0.889964157706	0.912884715702	87.8	1	79	11	15	-28.0	active
tRNA-Val-AAC-1-4	0.70098630137	-3.72425	0.0471204188482	0.80177238806	0.569187958513	79.4	2	79	8	10	-24.7	active
tRNA-Lys-CTT-2-3	0.31801369863	-2.574	0.0366492146597	0.572427572428	0.402576489533	87.8	2	80	9	15	-28.0	active
tRNA-Val-CAC-1-5	1.26091780822	-2.94245	0.0698080279232	0.826959157166	0.780736357659	79.4	2	80	2	13	-24.7	active
tRNA-Gln-CTG-1-1	-0.0410833333333	-0.3964	0.0174825174825	0.412341407151	0.432525951557	71.5	0	0	251	13	-24.7	inactive
tRNA-iMet-CAT-1-2	1.14347222222	-4.342	0.027972027972	0.652037617555	0.58158856763	60.4	0	36	5	20	-26.1	active
tRNA-Arg-TCG-4-1	1.14343835616	-5.38945	0.0331588132635	0.699633699634	0.898472596586	66.8	1	51	11	6	-23.7	active
tRNA-Ser-GCT-6-1	0.65108974359	-1.5068	0.0294117647059	0.699857549858	0.289351851852	71.6	5	54	27	8	-23.5	active
tRNA-Gln-TTG-3-1	0.781958333333	-2.2267	0.0244755244755	0.551591128255	0.583566760037	66.9	5	66	7	6	-22.0	active
tRNA-Gln-TTG-3-2	0.813763888889	-2.3213	0.0262237762238	0.555555555556	0.480769230769	66.9	5	66	7	6	-22.0	active
tRNA-Ser-TGA-3-1	1.11540243902	-2.70145	0.0274914089347	0.746153846154	0.371103414151	89.7	5	66	6	4	-32.8	active
tRNA-iMet-CAT-1-3	0.873305555556	-0.67875	0.0437062937063	0.803957946815	0.833333333333	60.4	6	67	14	20	-26.1	active
tRNA-Trp-CCA-3-1	0.759916666667	-2.55405	0.027972027972	0.705682782019	0.446428571429	73.3	7	74	12	7	-25.1	active
tRNA-Arg-TCG-2-1	0.742068493151	-3.05245	0.0279232111693	0.576096518788	0.816993464052	70.3	6	74	27	6	-25.9	active
tRNA-Ser-AGA-2-1	1.08896341463	-2.93485	0.0257731958763	0.775862068966	0.406504065041	89.6	5	76	8	9	-32.8	active
tRNA-Arg-ACG-1-1	1.04253424658	-4.107	0.0244328097731	0.843888070692	0.979843225084	67.6	5	76	62	7	-25.4	active
tRNA-iMet-CAT-1-4	0.337847222222	-2.1397	0.020979020979	0.577729147378	0.662778366914	60.4	4	77	7	20	-26.1	active
tRNA-Trp-CCA-3-2	1.29105555556	-2.72285	0.0332167832168	0.790112686296	0.729166666667	73.3	4	79	4	7	-25.1	active
tRNA-Leu-CAG-1-7	1.28321686747	-4.8356	0.0583190394511	0.932712215321	0.83398744113	78.2	0	60	8	9	-35.7	active
tRNA-Thr-AGT-2-1	1.60654054054	-3.5203	0.0365853658537	0.672243600468	0.660898822398	81.4	2	60	7	9	-27.0	active
tRNA-Arg-ACG-1-2	1.26031506849	-2.5556	0.0610820244328	0.831881533101	0.9019524618	67.6	2	57	15	7	-25.4	active
tRNA-Val-CAC-1-6	0.595369863014	-3.47215	0.0541012216405	0.875024630542	0.797872340426	79.4	2	57	2	13	-24.7	active
tRNA-Ala-CGC-1-1	1.46316666667	-3.84205	0.0244755244755	0.548418024928	0.641848523748	79.7	3	48	5	4	-26.5	active
tRNA-Ile-AAT-5-1	1.42904054054	-3.5213	0.0296167247387	0.654460093897	0.646711012565	81.2	3	47	6	15	-25.5	active
tRNA-Pro-AGG-2-2	1.44161111111	-3.8951	0.0384615384615	1.03674410941	0.730994152047	70.2	3	47	3	9	-29.5	active
tRNA-Lys-CTT-2-4	0.891863013699	-4.32135	0.0244328097731	0.550318995678	0.568181818182	87.8	3	47	6	15	-28.0	active
tRNA-Tyr-GTA-1-1	1.34264383562	-3.70065	0.0372250423012	0.825838414634	0.680992736077	77.9	3	46	8	13	-29.8	active
tRNA-Ala-AGC-11-1	1.00902739726	-1.8046	0.0349040139616	0.641118881119	0.670640834575	58.9	3	46	1	26	-29.6	active
tRNA-Tyr-GTA-8-1	-0.108520547945	-1.4757	0.0203389830508	0.474085978305	0.226449275362	72.4	3	45	6	13	-26.6	inactive
tRNA-Tyr-GTA-3-1	0.850794520548	-1.8558	0.0322580645161	0.854014041514	1.02040816327	77.5	3	42	6	13	-28.3	active
tRNA-Tyr-GTA-6-1	0.700575342466	-2.2391	0.0220713073005	0.58077973301	0.369549150037	75.1	0	40	6	13	-25.9	active
tRNA-Ala-AGC-14-1	0.262150684932	-1.04685	0.0139616055846	0.260085106383	0.291460215681	58.9	1	40	156	26	-26.3	inactive
tRNA-Ala-AGC-12-1	0.0615616438356	-0.04325	0.0104712041885	0.183653846154	0.134300295461	60.0	2	36	163	26	-26.3	inactive
tRNA-Met-CAT-5-1	-0.0472739726027	-1.5686	0.0279232111693	0.648373408769	0.792811839323	79.2	1	36	116	20	-26.7	active
tRNA-Ala-AGC-13-1	0.0630273972603	-0.10585	0.0139616055846	0.233282442748	0.316295546559	58.7	1	37	220	26	-26.3	inactive
tRNA-Met-CAT-4-2	0.520082191781	-3.08695	0.043630017452	0.664024475038	0.731635937957	80.2	1	36	2	20	-26.7	active
tRNA-Ile-AAT-6-1	0.0	0.00325	0.0296167247387	0.719298245614	0.717213114754	81.6	1	23	8	15	-25.3	active
tRNA-Ala-AGC-chr6-168	-0.108232876712	-2.6192	0.0139616055846	0.233282442748	0.316295546559	58.7	1	9	220	26	-26.3	inactive
tRNA-Met-CAT-chr6-167	?	?	0.0279232111693	0.648373408769	0.792811839323	79.2	1	10	116	20	-26.7	active
tRNA-Ile-TAT-2-2	0.857162162162	-1.389	0.0690235690236	1.02113207547	1.05633802817	73.1	0	9	3	5	-33.2	active
tRNA-Pro-CGG-2-1	0.736902777778	-2.4962	0.034965034965	0.8014571949	0.0	65.9	1	19	6	4	-27.6	active
tRNA-Ser-GCT-1-1	0.689182926829	-1.8514	0.0463917525773	0.838348271447	1.07692307692	91.9	1	16	9	8	-32.8	active
tRNA-His-GTG-1-5	0.615944444444	-1.0153	0.0367132867133	0.702579399895	0.490196078431	60.1	1	22	59	9	-25.5	active
tRNA-Thr-AGT-6-1	1.45544594595	-2.3241	0.0121951219512	0.401639344262	0.173611111111	80.6	1	23	11	9	-27.8	active
tRNA-Ile-AAT-5-2	0.341310810811	-1.94205	0.0400696864111	0.991141141141	0.350140056022	81.2	0	31	14	15	-25.5	active
tRNA-Val-CAC-6-1	0.552890410959	-1.94565	0.0383944153578	0.696310207689	0.583090379009	63.1	3	38	20	13	-19.2	active
tRNA-Ser-CGA-2-1	0.632158536585	-1.7869	0.0274914089347	0.476804915515	0.0982704402516	94.0	3	36	22	4	-34.0	active
tRNA-Arg-ACG-2-2	0.770232876712	-2.69285	0.0471204188482	0.866431451613	0.758341759353	64.2	3	35	8	7	-23.1	active
tRNA-Arg-ACG-2-3	0.115479452055	-0.24155	0.0471204188482	0.943238629435	0.94831673779	64.2	3	34	15	7	-23.1	active
tRNA-Leu-TAA-4-1	0.302409638554	-1.6314	0.0343053173242	0.867107905109	0.738770685579	83.8	2	31	154	4	-31.2	active
tRNA-Val-AAC-5-1	0.104068493151	-1.3323	0.0401396160558	0.892886178862	0.809435707678	67.0	2	31	13	10	-16.8	active
tRNA-Ile-AAT-5-3	0.0626216216216	-2.28115	0.0313588850174	0.749455969824	0.537056928034	81.2	2	32	26	15	-25.5	active
tRNA-Ile-AAT-9-1	0.373594594595	-0.64935	0.0209059233449	0.496432432432	0.0	79.3	2	35	4	15	-21.2	inactive
tRNA-Ile-AAT-3-1	0.0561351351351	-1.35225	0.0365853658537	0.913181818182	0.632511068944	84.9	2	35	4	15	-24.7	active
tRNA-Val-CAC-2-1	0.202301369863	-1.07085	0.0349040139616	0.759292387199	0.567214974475	80.5	2	35	7	13	-25.6	active
tRNA-Val-TAC-4-1	0.0959589041096	-0.55675	0.0418848167539	0.88791322314	0.864624505929	68.7	2	32	8	5	-21.9	active
tRNA-Gln-CTG-5-1	0.524972222222	-2.8952	0.0244755244755	0.496774193548	0.248756218905	66.2	2	35	79	13	-24.2	active
tRNA-Ser-GCT-2-1	0.671024390244	-2.9711	0.0360824742268	0.740188953488	0.700280112045	91.0	2	35	4	8	-30.1	active
tRNA-iMet-CAT-1-5	0.155277777778	-1.02615	0.0332167832168	0.702067183463	0.910931174089	60.4	1	28	4	20	-26.1	active
tRNA-Lys-TTT-6-1	0.448164383562	-2.4783	0.0191972076789	0.417306673729	0.580720092915	85.2	1	28	13	12	-28.0	active
tRNA-Ser-AGA-2-2	0.829109756098	-1.8426	0.0429553264605	0.799274884641	0.549278091651	89.6	1	28	5	9	-32.8	active
tRNA-Asp-GTC-2-6	0.259638888889	-1.6485	0.0454545454545	0.891874062969	1.08527131783	66.5	1	26	11	13	-26.4	active
tRNA-Ser-AGA-2-3	0.397268292683	-1.2479	0.0360824742268	0.64238410596	0.663325471698	89.6	3	28	6	9	-32.8	active
tRNA-Ser-AGA-2-4	0.587914634146	-2.55185	0.0412371134021	0.901161290323	0.714869281046	89.6	3	29	9	9	-32.8	active
tRNA-Asp-GTC-2-7	-0.133388888889	-1.7969	0.0367132867133	0.673507148865	0.857632933105	66.5	3	29	9	13	-26.4	active
tRNA-Ser-TGA-4-1	0.227695121951	-2.208	0.0240549828179	0.529365904366	0.0	84.0	3	29	6	4	-30.0	active
tRNA-Gln-CTG-1-2	0.839027777778	-2.51605	0.0297202797203	0.575691196495	0.642123287671	71.5	0	32	25	13	-24.7	active
tRNA-Ser-AGA-3-1	0.87806097561	-2.6997	0.0240549828179	0.501291989664	0.356506238859	87.2	1	33	123	9	-32.8	inactive
tRNA-Ser-AGA-1-1	0.172073170732	-0.3795	0.0189003436426	0.433681073025	0.10016025641	90.3	3	32	100	9	-32.8	active
tRNA-Ser-TGA-2-1	0.470207317073	-2.08345	0.0429553264605	0.725107146417	0.829187396352	90.4	3	32	1	4	-32.8	active
tRNA-Gln-CTG-2-1	0.844527777778	-2.01105	0.0244755244755	0.533724340176	0.345622119816	70.9	3	31	36	13	-24.7	active
tRNA-Ser-AGA-4-1	0.668817073171	-0.30225	0.0343642611684	0.611730081984	0.360023041475	78.8	3	26	7	9	-29.2	active
tRNA-Arg-TCT-5-1	0.577178082192	-2.13005	0.0255536626917	0.69880952381	0.754147812971	61.4	1	27	9	6	-23.1	active
tRNA-Asp-GTC-3-1	-0.231888888889	-1.07305	0.034965034965	0.846404261616	0.538020086083	58.2	2	22	13	13	-24.3	active
tRNA-Lys-TTT-4-1	0.312383561644	-2.0832	0.0191972076789	0.4942366502	0.637755102041	86.8	2	21	11	12	-26.0	active
tRNA-iMet-CAT-1-6	0.687166666667	-2.0521	0.027972027972	0.58602804636	0.68150840527	60.4	3	21	8	20	-26.1	active
tRNA-Leu-CAA-3-1	0.19080952381	-1.0966	0.0362438220758	0.613694852941	0.924556213018	77.3	2	22	6	7	-38.2	active
tRNA-Leu-CAA-2-1	0.699273809524	-2.40015	0.0394736842105	0.714034057546	0.759109311741	78.0	1	22	10	7	-38.9	active
tRNA-Thr-CGT-5-1	0.660378378378	-1.8114	0.0365853658537	0.644736842105	0.63025210084	66.2	0	22	50	5	-26.2	active
tRNA-Ile-TAT-2-3	0.172310810811	-0.1542	0.0387205387205	0.664268002139	0.70775261324	73.1	0	23	2	5	-31.9	active
tRNA-Val-AAC-3-1	0.255589041096	-1.2644	0.0244328097731	0.531399046105	0.0	72.8	0	24	63	10	-21.1	active
tRNA-Ile-AAT-8-1	0.298945945946	-2.72615	0.0487804878049	0.9660395504	0.699888017917	75.8	2	23	43	15	-26.3	active
tRNA-Arg-ACG-2-4	0.329123287671	-2.62395	0.022687609075	0.669272237197	0.168918918919	64.2	2	23	13	7	-23.1	active
tRNA-Ser-CGA-3-1	-0.0842804878049	-1.31185	0.0378006872852	0.722899728997	0.531914893617	94.6	3	23	6	4	-31.8	active
tRNA-Val-AAC-4-1	0.0532739726027	-0.1619	0.043630017452	0.860877403846	0.767543859649	69.2	3	20	201	10	-20.3	active
tRNA-Thr-AGT-2-2	0.510405405405	-2.6175	0.0296167247387	0.640625	0.837053571429	81.4	2	20	20	9	-27.0	active
tRNA-Ile-AAT-2-1	0.107297297297	-0.74185	0.0505226480836	0.869696969697	0.651041666667	86.3	2	23	15	15	-27.6	active
tRNA-Leu-TAA-2-1	0.663662650602	-2.5587	0.0291595197256	0.679068174032	0.365497076023	90.8	1	23	7	4	-33.5	active
tRNA-Thr-AGT-4-1	0.301445945946	-0.70825	0.0209059233449	0.539473684211	0.325520833333	81.2	1	22	207	9	-25.2	inactive
tRNA-Val-AAC-1-5	0.265328767123	-1.66735	0.0488656195462	1.06392572944	0.676132521974	79.4	0	25	11	10	-24.7	active
tRNA-iMet-CAT-2-1	-0.0222222222222	-3.1565	0.0174825174825	0.407407407407	0.440917107584	51.7	0	22	11	20	-26.1	active
tRNA-Gln-CTG-6-1	0.0248611111111	-1.4149	0.020979020979	0.524770642202	0.522388059701	64.7	1	20	93	13	-21.6	active
tRNA-Gln-TTG-3-3	0.409694444444	-1.83725	0.00699300699301	0.154761904762	0.0	66.9	1	21	9	6	-22.0	inactive
tRNA-iMet-CAT-1-7	1.18533333333	-4.0025	0.0174825174825	0.420340975897	0.409165302782	60.4	1	17	0	20	-26.1	active
tRNA-Gly-GCC-2-3	1.09432394366	-3.6139	0.0402802101576	0.76747311828	0.783475783476	81.0	1	17	9	14	-26.4	active
tRNA-Ser-GCT-5-1	0.945865853659	-2.55785	0.0223367697595	0.538812135024	0.438788942519	85.2	0	73	15	8	-30.7	active
tRNA-Thr-TGT-1-1	0.799675675676	-2.51305	0.0156794425087	0.423303834808	0.612745098039	83.3	1	38	5	6	-24.9	active
tRNA-Leu-AAG-4-1	0.394182926829	-1.8462	0.020618556701	0.518793641361	0.53487376979	64.4	1	33	58	9	-27.7	inactive
tRNA-Thr-CGT-1-1	0.303256756757	-0.8111	0.0278745644599	0.746909564086	1.16279069767	78.4	0	33	4	5	-23.7	active
tRNA-Ile-TAT-3-1	0.652486486486	-2.4381	0.0353535353535	0.738499792789	0.500801282051	72.1	1	34	1	5	-30.9	active
tRNA-Arg-TCG-5-1	0.984438356164	-2.9173	0.0191972076789	0.434270359653	0.0	65.5	1	36	8	6	-23.7	active
tRNA-Gln-TTG-2-1	0.384875	-1.456	0.0437062937063	0.85119047619	0.597677595628	70.0	1	39	14	6	-27.1	active
tRNA-Ser-GCT-4-1	?	-2.138	0.0292096219931	0.723562966213	0.871080139373	88.4	2	38	10	8	-30.7	active
tRNA-Ala-AGC-3-1	0.820125	-1.875	0.0244755244755	0.500625156289	0.373273609556	80.3	1	36	4	26	-29.9	active
tRNA-Ala-TGC-2-1	0.205638888889	-2.67065	0.0174825174825	0.418128654971	0.138888888889	79.7	1	28	13	8	-26.5	active
tRNA-Thr-CGT-3-1	0.990513513514	-2.9203	0.0226480836237	0.540724637681	0.584795321637	77.1	2	29	13	5	-25.8	active
tRNA-Ala-AGC-4-1	0.824694444444	-3.4306	0.0297202797203	0.741837046079	0.813802083333	76.1	1	28	3	26	-23.6	active
tRNA-Ala-CGC-2-1	1.107875	-2.5749	0.0297202797203	0.660597826087	0.692307692308	79.7	0	23	15	4	-26.5	active
tRNA-Ala-AGC-5-1	0.471277777778	-2.58705	0.0262237762238	0.5	0.445473984319	84.2	1	22	107	26	-30.4	active
tRNA-Ala-AGC-7-1	0.154355555556	-1.41289473684	0.020979020979	0.600367357649	0.0	84.7	3	22	67	26	-31.9	active
tRNA-Thr-AGT-3-1	-0.342378378378	-1.2342	0.0121951219512	0.307186544343	0.115740740741	80.7	3	18	50	9	-26.8	active
tRNA-Ala-CGC-4-1	?	-6.965	0.0244755244755	0.58503798948	0.578168362627	76.1	3	18	8	4	-25.7	active
tRNA-Val-AAC-6-1	-6.601	0.233	0.0192307692308	0.438895089286	0.544662309368	69.9	3	17	66	10	-19.0	active
tRNA-Arg-CCG-1-1	0.572342465753	-1.88095	0.0331588132635	0.732687260246	0.635901162791	67.0	2	19	238	4	-27.1	active
tRNA-Lys-TTT-7-1	0.0370547945205	-2.4862	0.0366492146597	0.723137019231	0.700280112045	74.9	1	19	13	12	-19.6	active
tRNA-Ala-TGC-6-1	0.313	-2.227	0.0262237762238	0.531400966184	0.512295081967	74.2	1	19	8	8	-27.4	active
tRNA-Phe-GAA-6-1	-0.319662162162	-0.89895	0.0278745644599	0.569585710742	0.591715976331	58.8	1	20	6	10	-14.6	inactive
tRNA-Ala-TGC-1-1	0.309083333333	-1.9644	0.034965034965	0.619349250176	0.668449197861	80.5	2	21	9	8	-28.5	active
tRNA-Phe-GAA-1-1	0.124767123288	-1.8831	0.0279232111693	0.612179487179	0.117924528302	88.9	2	21	3	10	-21.9	active
tRNA-Ala-AGC-1-1	-0.183916666667	-1.7209	0.0332167832168	0.511026472939	0.469483568075	84.9	3	20	7	26	-28.9	active
tRNA-Ala-TGC-7-1	0.283690140845	-2.5321	0.0245183887916	0.510766085234	0.534188034188	60.0	3	19	53	8	-20.0	active
tRNA-Phe-GAA-3-1	-0.341493150685	-1.783	0.0174520069808	0.448778195489	0.364298724954	88.3	3	19	6	10	-22.0	active
tRNA-Ala-AGC-6-1	-0.205861111111	-1.9026	0.020979020979	0.415748031496	0.268528464017	74.1	3	17	2	26	-27.8	inactive
tRNA-Ala-TGC-5-1	0.29175	-2.6136	0.0314685314685	0.614466459776	0.527871621622	75.3	3	17	8	8	-27.1	active
tRNA-Phe-GAA-4-1	-0.341356164384	-1.69715	0.0278745644599	0.767251461988	0.964235624123	75.5	1	19	6	10	-19.9	inactive
tRNA-Ala-AGC-2-1	0.850753623188	-5.28164705882	0.0384615384615	0.73893129771	0.664672648721	84.7	0	23	4	26	-31.9	active
tRNA-Ala-AGC-2-2	1.07343055556	-2.99725	0.0437062937063	0.786189455165	1.0582010582	84.7	0	24	6	26	-31.9	active
tRNA-Arg-CCG-1-2	0.42004109589	-1.73605	0.0314136125654	0.729162248144	0.417188151856	67.0	0	28	3	4	-27.1	active
tRNA-Leu-CAA-1-1	1.26048192771	-2.5426	0.0511551155116	0.906004340487	1.0	77.2	0	27	5	7	-36.7	active
tRNA-Leu-CAA-1-2	0.691602409639	-2.46585	0.0413223140496	0.824071047183	1.22377622378	77.2	4	47	17	7	-38.1	active
tRNA-Gln-CTG-1-3	0.974777777778	-3.3492	0.0244755244755	0.509090909091	0.506072874494	71.5	4	46	13	13	-24.7	active
tRNA-Leu-AAG-2-2	0.0	0.0	0.0309278350515	0.446547314578	0.346901017576	74.8	5	46	10	9	-32.4	active
tRNA-Met-CAT-3-1	1.1704109589	-2.86105	0.0244328097731	0.598344148579	0.655922038981	77.4	5	46	9	20	-25.8	active
tRNA-Lys-TTT-3-3	0.311424657534	-1.52275	0.0191972076789	0.4775	0.47619047619	87.8	5	48	11	12	-27.5	active
tRNA-Met-CAT-3-2	1.0731369863	-2.9021	0.0244328097731	0.531117584746	0.384024577573	77.4	3	48	7	20	-25.8	active
tRNA-Phe-GAA-1-2	0.689178082192	-1.3196	0.0314136125654	0.929859358096	1.1047979798	88.9	2	46	13	10	-21.9	active
tRNA-Glu-CTC-1-6	0.752930555556	-2.9183	0.0437062937063	1.00182149362	1.03199174407	73.2	2	46	5	8	-26.4	active
tRNA-Leu-AAG-3-1	0.63943902439	-2.41495	0.0429553264605	0.642185637993	0.596399913251	73.8	2	43	5	9	-32.4	active
tRNA-Ile-AAT-1-1	?	-2.964	0.0487804878049	0.980897162038	0.685871056241	81.9	1	18	5	15	-27.4	active
tRNA-Ala-AGC-13-2	-0.108232876712	-2.5302	0.0122164048866	0.209714524731	0.25641025641	58.7	1	20	220	26	-26.3	inactive
tRNA-Met-CAT-7-1	?	?	0.0191972076789	0.48492075704	0.562851782364	66.2	1	19	4	20	-24.8	inactive
tRNA-Ala-AGC-12-3	-0.0956111111111	-2.51675	0.0174520069808	0.313046328671	0.397456279809	60.0	0	25	220	26	-26.3	inactive
tRNA-Ala-AGC-16-1	-0.110739726027	-2.4726	0.0139616055846	0.253989361702	0.359298649037	53.1	0	26	207	26	-21.5	inactive
tRNA-Glu-CTC-1-7	1.09230555556	-3.3304	0.0297202797203	0.834248455731	0.483933410763	73.2	0	35	6	8	-26.4	active
tRNA-Leu-TAA-1-1	1.34696385542	-1.86255	0.0789022298456	0.879826777337	0.947368421053	88.7	0	15	8	4	-32.3	active
tRNA-Gln-TTG-4-1	-0.046625	0.0092	0.0104895104895	0.256847777279	0.0	58.1	0	0	14	6	-24.1	inactive
tRNA-Trp-CCA-5-1	0.775152777778	-1.5462	0.0367132867133	0.662731034483	0.665483584738	68.8	0	99	73	7	-25.1	active
tRNA-Pro-AGG-2-3	1.43825	-1.32815	0.020979020979	0.266294227188	0.235804565176	70.2	0	114	3	9	-29.5	active
tRNA-Arg-CCT-4-1	1.5785890411	-1.3645	0.0541012216405	0.937757364587	1.38888888889	65.6	0	31	9	5	-27.2	active
tRNA-Cys-GCA-1-1	0.474097222222	-1.34575	0.0034965034965	0.0869300911854	0.233426704015	84.1	0	42	2	29	-26.6	inactive
tRNA-Cys-GCA-9-2	0.657125	-0.9651	0.0	0.0	0.0	77.2	0	34	5	29	-24.6	inactive
tRNA-Cys-GCA-13-1	0.763680555556	-1.21175	0.00699300699301	0.105036037277	0.118708452042	74.0	0	24	4	29	-24.6	active
tRNA-Cys-GCA-18-1	0.430819444444	-1.9725	0.00524475524476	0.104838709677	0.205030071077	71.8	1	13	12	29	-22.2	inactive
tRNA-Cys-GCA-10-1	0.1	-0.3165	0.00699300699301	0.149777428646	0.146972369195	74.9	1	14	14	29	-24.2	inactive
tRNA-Cys-GCA-11-1	0.158791666667	-1.4643	0.0664335664336	0.86563122262	1.22893258427	76.9	0	20	10	29	-24.0	active
tRNA-Cys-GCA-16-1	0.476402777778	-1.34015	0.00524475524476	0.11168966415	0.201450443191	70.0	0	27	12	29	-24.6	inactive
tRNA-Cys-GCA-22-1	0.115128571429	-0.9918	0.0105263157895	0.189180219051	0.217013888889	64.9	0	24	6	29	-19.8	inactive
tRNA-Cys-GCA-15-1	-0.000833333333333	-0.3306	0.00699300699301	0.125790312826	0.316255534472	70.5	1	19	12	29	-22.1	inactive
tRNA-Cys-GCA-3-1	0.549305555556	-0.69035	0.0034965034965	0.0648526077098	0.165343915344	79.1	3	19	5	29	-27.3	inactive
tRNA-Cys-GCA-23-1	0.216833333333	-1.70145	0.00699300699301	0.140878024752	0.0823994726434	59.1	2	21	24	29	-20.0	inactive
tRNA-Cys-GCA-20-1	0.0156944444444	-0.02435	0.0104895104895	0.180214240706	0.277777777778	65.6	2	20	7	29	-17.5	inactive
tRNA-Cys-GCA-19-1	0.00519444444444	-0.40845	0.0122377622378	0.225247524752	0.31007751938	69.2	0	20	5	29	-20.8	inactive
tRNA-Cys-GCA-9-3	0.363055555556	-1.6529	0.0157342657343	0.218154080854	0.185322461082	77.2	0	13	12	29	-24.6	inactive
tRNA-Cys-GCA-12-1	0.0595833333333	-0.1062	0.0104895104895	0.191517857143	0.0	72.4	0	26	11	29	-20.4	inactive
tRNA-Cys-GCA-21-1	0.008	-0.0043	0.00174825174825	0.0344350129432	0.0	60.7	0	38	24	29	-23.9	inactive
tRNA-Cys-GCA-17-1	0.462319444444	-1.7197	0.0314685314685	0.459069020867	0.558035714286	70.7	0	38	6	29	-20.3	active
tRNA-Cys-GCA-9-4	0.500736111111	-1.6255	0.0034965034965	0.06875	0.0782227784731	77.2	0	63	12	29	-24.6	inactive
tRNA-Tyr-GTA-9-1	-0.0427083333333	0.0268	0.0187074829932	0.363329962926	0.0	52.0	0	37	251	13	-16.7	inactive
tRNA-Tyr-GTA-5-1	0.861534246575	-2.98955	0.0741989881956	0.847197869992	0.873015873016	75.3	2	45	11	13	-30.5	active
tRNA-Tyr-GTA-5-2	1.25098630137	-3.4085	0.0662139219015	0.804532081816	0.705980066445	75.5	2	45	21	13	-32.3	active
tRNA-Ala-AGC-8-2	1.67998630137	-1.1596	0.0541012216405	0.827648867766	0.819000819001	59.7	2	44	1	26	-32.0	active
tRNA-Ser-AGA-2-5	1.37302439024	-0.6585	0.0498281786942	0.86112244898	0.78125	89.6	0	14	11	9	-32.8	active
tRNA-Met-CAT-1-1	1.11143835616	-1.75365	0.0593368237347	0.80577384399	0.78125	82.3	0	49	6	20	-25.0	active
tRNA-His-GTG-1-6	1.0735	0.04065	0.0192307692308	0.490566037736	0.254971953085	60.1	0	1	13	9	-25.5	inactive
tRNA-Arg-TCG-6-1	-0.0669178082192	-0.6218	0.0279232111693	0.400786885246	0.117481203008	53.7	0	16	13	6	-21.0	inactive
tRNA-Arg-TCT-3-1	0.419232876712	-2.12445	0.0541455160745	0.655983350676	0.702435108376	70.1	0	81	2	6	-28.1	active
tRNA-Ile-GAT-1-1	0.0	0.0	0.0905923344948	0.849910304963	0.847687508477	75.5	0	6	10	3	-31.9	inactive
tRNA-Val-TAC-1-2	1.20805479452	-5.44665	0.0610820244328	0.870140576189	0.880281690141	82.9	0	30	17	5	-23.6	active
